Workbook

Sheet Line Plan
A1: LINE PLAN UPLOAD
A3: LINE CODE | B3: Rumiya_Line | C3: Fill in the production line code before uploading.
A4: HALL NAME | B4: Hall B | C4: Hall/area name (if auto-creating the line). | D4: Hall/area name (if auto-creating the line).
A5: DATE | B5: 2026-03-26 | C5: Work date — YYYY-MM-DD format. | D5: Work date — YYYY-MM-DD format. | E5: Work date — YYYY-MM-DD format.
A6: PRODUCT CODE | B6: KN754 | C6: Style/product code. | D6: Style/product code. | E6: Style/product code. | F6: Style/product code.
A7: PRODUCT NAME | B7: KATESPADE | C7: Full product name. | D7: Full product name. | E7: Full product name. | F7: Full product name. | G7: Full product name.
A8: BUYER NAME | C8: Buyer / brand name. Optional. | D8: Buyer / brand name. Optional. | E8: Buyer / brand name. Optional. | F8: Buyer / brand name. Optional. | G8: Buyer / brand name. Optional. | H8: Buyer / brand name. Optional.
A9: PLAN MONTH | B9: 2026-04 | C9: Plan month (e.g. 2026-04). | D9: Plan month (e.g. 2026-04). | E9: Plan month (e.g. 2026-04). | F9: Plan month (e.g. 2026-04). | G9: Plan month (e.g. 2026-04). | H9: Plan month (e.g. 2026-04). | I9: Plan month (e.g. 2026-04).
A10: TARGET UNITS | B10: 350 | C10: Daily target for this line. Required. | D10: Daily target for this line. Required. | E10: Daily target for this line. Required. | F10: Daily target for this line. Required. | G10: Daily target for this line. Required. | H10: Daily target for this line. Required. | I10: Daily target for this line. Required. | J10: Daily target for this line. Required.
A11: CO PRODUCT CODE | C11: Optional. | D11: Optional. | E11: Optional. | F11: Optional. | G11: Optional. | H11: Optional. | I11: Optional. | J11: Optional.
A12: CO TARGET | C12: Optional. | D12: Optional. | E12: Optional. | F12: Optional. | G12: Optional. | H12: Optional. | I12: Optional. | J12: Optional.
A13: LINE LEADER | B13: Rumiya | C13: Fill before uploading. | D13: Fill before uploading. | E13: Fill before uploading. | F13: Fill before uploading. | G13: Fill before uploading. | H13: Fill before uploading. | I13: Fill before uploading. | J13: Fill before uploading.
A15: GROUP | B15: OSM | C15: WORKSTATION | D15: OPERATION CODE | E15: OPERATION NAME | F15: PROCESS TIME (s) | G15: CYCLE TIME (s) | H15: SAH | I15: EMP CODE (auto) | J15: SELECT EMPLOYEE ▼
A16: G1 | B16: OSM1 | C16: W1 | E16: Heating | F16: 10 | G16: =SUMIF($C$16:$C$501,C16,$F$16:$F$501) | H16: =F16/3600 | I16: =IFERROR(INDEX(Lists!$C:$C,MATCH(J16,Lists!$D:$D,0)),"") | J16: A. JAMEELA
A17: G1 | B17: OSM1 | C17: W1 | E17: board with lining attatching & 1st primer | F17: 25.5 | G17: =SUMIF($C$16:$C$501,C17,$F$16:$F$501) | H17: =F17/3600 | I17: =IFERROR(INDEX(Lists!$C:$C,MATCH(J17,Lists!$D:$D,0)),"") | J17: =J16
A18: G1 | B18: OSM1 | C18: W1 | E18: die process | F18: 25.5 | G18: =SUMIF($C$16:$C$501,C18,$F$16:$F$501) | H18: =F18/3600 | I18: =IFERROR(INDEX(Lists!$C:$C,MATCH(J18,Lists!$D:$D,0)),"") | J18: =J16
A19: G1 | B19: OSM1 | C19: W2 | E19: Heating | F19: 10 | G19: =SUMIF($C$16:$C$501,C19,$F$16:$F$501) | H19: =F19/3600 | I19: =IFERROR(INDEX(Lists!$C:$C,MATCH(J19,Lists!$D:$D,0)),"") | J19: USHA
A20: G1 | B20: OSM1 | C20: W2 | E20: board with lining attatching & 1st primer | F20: 25.5 | G20: =SUMIF($C$16:$C$501,C20,$F$16:$F$501) | H20: =F20/3600 | I20: =IFERROR(INDEX(Lists!$C:$C,MATCH(J20,Lists!$D:$D,0)),"") | J20: =J19
A21: G1 | B21: OSM1 | C21: W2 | E21: die process | F21: 25.5 | G21: =SUMIF($C$16:$C$501,C21,$F$16:$F$501) | H21: =F21/3600 | I21: =IFERROR(INDEX(Lists!$C:$C,MATCH(J21,Lists!$D:$D,0)),"") | J21: =J19
A22: G1 | B22: OSM1 | C22: W3 | E22: Pasting on patti (5*1 Nos) | F22: 15 | G22: =SUMIF($C$16:$C$501,C22,$F$16:$F$501) | H22: =F22/3600 | I22: =IFERROR(INDEX(Lists!$C:$C,MATCH(J22,Lists!$D:$D,0)),"") | J22: USHA
A23: G1 | B23: OSM1 | C23: W3 | E23: Attaching step patti (4*1 Nos) | F23: 16 | G23: =SUMIF($C$16:$C$501,C23,$F$16:$F$501) | H23: =F23/3600 | I23: =IFERROR(INDEX(Lists!$C:$C,MATCH(J23,Lists!$D:$D,0)),"") | J23: =J22
A24: G1 | B24: OSM1 | C24: W3 | E24: Pasting on stamp & pkt (1-Nos) | F24: 12 | G24: =SUMIF($C$16:$C$501,C24,$F$16:$F$501) | H24: =F24/3600 | I24: =IFERROR(INDEX(Lists!$C:$C,MATCH(J24,Lists!$D:$D,0)),"") | J24: =J22
A25: G1 | B25: OSM1 | C25: W3 | E25: Attaching stamp with cc pkt | F25: 8 | G25: =SUMIF($C$16:$C$501,C25,$F$16:$F$501) | H25: =F25/3600 | I25: =IFERROR(INDEX(Lists!$C:$C,MATCH(J25,Lists!$D:$D,0)),"") | J25: =J22
A26: G1 | B26: OSM1 | C26: W3 | E26: Pasting on patti (4*1 Nos) | F26: 12 | G26: =SUMIF($C$16:$C$501,C26,$F$16:$F$501) | H26: =F26/3600 | I26: =IFERROR(INDEX(Lists!$C:$C,MATCH(J26,Lists!$D:$D,0)),"") | J26: =J22
A27: G1 | B27: OSM1 | C27: W3 | E27: Attaching step patti (3*1 Nos) | F27: 12 | G27: =SUMIF($C$16:$C$501,C27,$F$16:$F$501) | H27: =F27/3600 | I27: =IFERROR(INDEX(Lists!$C:$C,MATCH(J27,Lists!$D:$D,0)),"") | J27: =J22
A28: G1 | B28: OSM1 | C28: W4 | E28: Stitching the lining (4*1 Nos) | F28: 20 | G28: =SUMIF($C$16:$C$501,C28,$F$16:$F$501) | H28: =F28/3600 | I28: =IFERROR(INDEX(Lists!$C:$C,MATCH(J28,Lists!$D:$D,0)),"") | J28: JAYALAKSHMI
A29: G1 | B29: OSM1 | C29: W4 | E29: Stitching closing lining (1*1 Nos) | F29: 12 | G29: =SUMIF($C$16:$C$501,C29,$F$16:$F$501) | H29: =F29/3600 | I29: =IFERROR(INDEX(Lists!$C:$C,MATCH(J29,Lists!$D:$D,0)),"") | J29: =J28
A30: G1 | B30: OSM1 | C30: W4 | E30: Stitching the lining (3*1 Nos) | F30: 13.5 | G30: =SUMIF($C$16:$C$501,C30,$F$16:$F$501) | H30: =F30/3600 | I30: =IFERROR(INDEX(Lists!$C:$C,MATCH(J30,Lists!$D:$D,0)),"") | J30: =J28
A31: G1 | B31: OSM1 | C31: W4 | E31: Stitching the lining (1*1 Nos) | F31: 5 | G31: =SUMIF($C$16:$C$501,C31,$F$16:$F$501) | H31: =F31/3600 | I31: =IFERROR(INDEX(Lists!$C:$C,MATCH(J31,Lists!$D:$D,0)),"") | J31: =J28
A32: G1 | B32: OSM1 | C32: W5 | E32: Recutting of cc pkt (1:2) 1-Nos | F32: 8 | G32: =SUMIF($C$16:$C$501,C32,$F$16:$F$501) | H32: =F32/3600 | I32: =IFERROR(INDEX(Lists!$C:$C,MATCH(J32,Lists!$D:$D,0)),"") | J32: ASLAM
A33: G1 | B33: OSM1 | C33: W5 | E33: Recutting of cc pkt (1:2) 1-Nos | F33: 8 | G33: =SUMIF($C$16:$C$501,C33,$F$16:$F$501) | H33: =F33/3600 | I33: =IFERROR(INDEX(Lists!$C:$C,MATCH(J33,Lists!$D:$D,0)),"") | J33: =J32
A34: G1 | B34: OSM1 | C34: W5 | E34: Recutting of center stay (1:2) | F34: 9 | G34: =SUMIF($C$16:$C$501,C34,$F$16:$F$501) | H34: =F34/3600 | I34: =IFERROR(INDEX(Lists!$C:$C,MATCH(J34,Lists!$D:$D,0)),"") | J34: =J32
A35: G1 | B35: OSM1 | C35: W5 | E35: Recutting of center stay (1:2) | F35: 9 | G35: =SUMIF($C$16:$C$501,C35,$F$16:$F$501) | H35: =F35/3600 | I35: =IFERROR(INDEX(Lists!$C:$C,MATCH(J35,Lists!$D:$D,0)),"") | J35: =J32
A36: G1 | B36: OSM1 | C36: W6 | E36: Pasting on lining (1-Nos) | F36: 10 | G36: =SUMIF($C$16:$C$501,C36,$F$16:$F$501) | H36: =F36/3600 | I36: =IFERROR(INDEX(Lists!$C:$C,MATCH(J36,Lists!$D:$D,0)),"") | J36: VENDA
A37: G1 | B37: OSM1 | C37: W6 | E37: Attaching with lining closing(1-Nos) | F37: 7 | G37: =SUMIF($C$16:$C$501,C37,$F$16:$F$501) | H37: =F37/3600 | I37: =IFERROR(INDEX(Lists!$C:$C,MATCH(J37,Lists!$D:$D,0)),"") | J37: =J36
A38: G1 | B38: OSM1 | C38: W6 | E38: Pasting cover lining and cc pkt (1-Nos) | F38: 14 | G38: =SUMIF($C$16:$C$501,C38,$F$16:$F$501) | H38: =F38/3600 | I38: =IFERROR(INDEX(Lists!$C:$C,MATCH(J38,Lists!$D:$D,0)),"") | J38: =J36
A39: G1 | B39: OSM1 | C39: W6 | E39: Attaching cover lining and cc pkt (1-Nos) | F39: 10 | G39: =SUMIF($C$16:$C$501,C39,$F$16:$F$501) | H39: =F39/3600 | I39: =IFERROR(INDEX(Lists!$C:$C,MATCH(J39,Lists!$D:$D,0)),"") | J39: =J36
A40: G1 | B40: OSM1 | C40: W6 | E40: Pasting lining | F40: 6 | G40: =SUMIF($C$16:$C$501,C40,$F$16:$F$501) | H40: =F40/3600 | I40: =IFERROR(INDEX(Lists!$C:$C,MATCH(J40,Lists!$D:$D,0)),"") | J40: =J36
A41: G1 | B41: OSM1 | C41: W6 | E41: Lining folding | F41: 6 | G41: =SUMIF($C$16:$C$501,C41,$F$16:$F$501) | H41: =F41/3600 | I41: =IFERROR(INDEX(Lists!$C:$C,MATCH(J41,Lists!$D:$D,0)),"") | J41: =J36
A42: G1 | B42: OSM1 | C42: W6 | E42: Pasting on lining & beeding | F42: 8 | G42: =SUMIF($C$16:$C$501,C42,$F$16:$F$501) | H42: =F42/3600 | I42: =IFERROR(INDEX(Lists!$C:$C,MATCH(J42,Lists!$D:$D,0)),"") | J42: =J36
A43: G1 | B43: OSM1 | C43: W6 | E43: Attaching lining with beeding | F43: 8 | G43: =SUMIF($C$16:$C$501,C43,$F$16:$F$501) | H43: =F43/3600 | I43: =IFERROR(INDEX(Lists!$C:$C,MATCH(J43,Lists!$D:$D,0)),"") | J43: =J36
A44: G1 | B44: OSM1 | C44: W7 | E44: Pasting on patti | F44: 4 | G44: =SUMIF($C$16:$C$501,C44,$F$16:$F$501) | H44: =F44/3600 | I44: =IFERROR(INDEX(Lists!$C:$C,MATCH(J44,Lists!$D:$D,0)),"") | J44: TAMIL ARASI
A45: G1 | B45: OSM1 | C45: W7 | E45: Attaching step patti (1*1Nos) | F45: 5 | G45: =SUMIF($C$16:$C$501,C45,$F$16:$F$501) | H45: =F45/3600 | I45: =IFERROR(INDEX(Lists!$C:$C,MATCH(J45,Lists!$D:$D,0)),"") | J45: =J44
A46: G1 | B46: OSM1 | C46: W7 | E46: Pasting on window side patti lining | F46: 10 | G46: =SUMIF($C$16:$C$501,C46,$F$16:$F$501) | H46: =F46/3600 | I46: =IFERROR(INDEX(Lists!$C:$C,MATCH(J46,Lists!$D:$D,0)),"") | J46: =J44
A47: G1 | B47: OSM1 | C47: W7 | E47: Pasting on cc pkt | F47: 10 | G47: =SUMIF($C$16:$C$501,C47,$F$16:$F$501) | H47: =F47/3600 | I47: =IFERROR(INDEX(Lists!$C:$C,MATCH(J47,Lists!$D:$D,0)),"") | J47: =J44
A48: G1 | B48: OSM1 | C48: W7 | E48: Attaching step patti (1Nos) | F48: 10 | G48: =SUMIF($C$16:$C$501,C48,$F$16:$F$501) | H48: =F48/3600 | I48: =IFERROR(INDEX(Lists!$C:$C,MATCH(J48,Lists!$D:$D,0)),"") | J48: =J44
A49: G1 | B49: OSM1 | C49: W7 | E49: Pasting on cc pkt | F49: 8 | G49: =SUMIF($C$16:$C$501,C49,$F$16:$F$501) | H49: =F49/3600 | I49: =IFERROR(INDEX(Lists!$C:$C,MATCH(J49,Lists!$D:$D,0)),"") | J49: =J44
A50: G1 | B50: OSM1 | C50: W7 | E50: Pasting on window | F50: 8 | G50: =SUMIF($C$16:$C$501,C50,$F$16:$F$501) | H50: =F50/3600 | I50: =IFERROR(INDEX(Lists!$C:$C,MATCH(J50,Lists!$D:$D,0)),"") | J50: =J44
A51: G1 | B51: OSM1 | C51: W7 | E51: Attaching window with cc pkt | F51: 10 | G51: =SUMIF($C$16:$C$501,C51,$F$16:$F$501) | H51: =F51/3600 | I51: =IFERROR(INDEX(Lists!$C:$C,MATCH(J51,Lists!$D:$D,0)),"") | J51: =J44
A52: G1 | B52: OSM1 | C52: W8 | E52: Stitching the window side | F52: 14 | G52: =SUMIF($C$16:$C$501,C52,$F$16:$F$501) | H52: =F52/3600 | I52: =IFERROR(INDEX(Lists!$C:$C,MATCH(J52,Lists!$D:$D,0)),"") | J52: KALPANA
A53: G1 | B53: OSM1 | C53: W8 | E53: Stitching the cc pkt on Sides | F53: 16 | G53: =SUMIF($C$16:$C$501,C53,$F$16:$F$501) | H53: =F53/3600 | I53: =IFERROR(INDEX(Lists!$C:$C,MATCH(J53,Lists!$D:$D,0)),"") | J53: =J52
A54: G1 | B54: OSM1 | C54: W8 | E54: Stitching cc pkt lining side ( half stitch) | F54: 18 | G54: =SUMIF($C$16:$C$501,C54,$F$16:$F$501) | H54: =F54/3600 | I54: =IFERROR(INDEX(Lists!$C:$C,MATCH(J54,Lists!$D:$D,0)),"") | J54: =J52
A55: G1 | B55: OSM1 | C55: W8 | E55: Thread pulling at both sides | F55: 7 | G55: =SUMIF($C$16:$C$501,C55,$F$16:$F$501) | H55: =F55/3600 | I55: =IFERROR(INDEX(Lists!$C:$C,MATCH(J55,Lists!$D:$D,0)),"") | J55: =J52
A56: G2 | B56: OSM3 | C56: W9 | E56: Stitching window with pkt | F56: 24 | G56: =SUMIF($C$16:$C$501,C56,$F$16:$F$501) | H56: =F56/3600 | I56: =IFERROR(INDEX(Lists!$C:$C,MATCH(J56,Lists!$D:$D,0)),"") | J56: KUMARI
A57: G2 | B57: OSM3 | C57: W9 | E57: CC Pkt side stitching ( 2nd half stitch) | F57: 20 | G57: =SUMIF($C$16:$C$501,C57,$F$16:$F$501) | H57: =F57/3600 | I57: =IFERROR(INDEX(Lists!$C:$C,MATCH(J57,Lists!$D:$D,0)),"") | J57: =J56
A58: G2 | B58: OSM3 | C58: W9 | E58: Decorative Stitching of Anchor Bit | F58: 12 | G58: =SUMIF($C$16:$C$501,C58,$F$16:$F$501) | H58: =F58/3600 | I58: =IFERROR(INDEX(Lists!$C:$C,MATCH(J58,Lists!$D:$D,0)),"") | J58: =J56
A59: G2 | B59: OSM3 | C59: W10 | E59: Pasting top leather & facing leather | F59: 12 | G59: =SUMIF($C$16:$C$501,C59,$F$16:$F$501) | H59: =F59/3600 | I59: =IFERROR(INDEX(Lists!$C:$C,MATCH(J59,Lists!$D:$D,0)),"") | J59: JAYA KODI
A60: G2 | B60: OSM3 | C60: W10 | E60: Attaching top & facing leather | F60: 28 | G60: =SUMIF($C$16:$C$501,C60,$F$16:$F$501) | H60: =F60/3600 | I60: =IFERROR(INDEX(Lists!$C:$C,MATCH(J60,Lists!$D:$D,0)),"") | J60: =J59
A61: G1 | B61: OSM3 | C61: W11 | E61: Lamping | F61: 7 | G61: =SUMIF($C$16:$C$501,C61,$F$16:$F$501) | H61: =F61/3600 | I61: =IFERROR(INDEX(Lists!$C:$C,MATCH(J61,Lists!$D:$D,0)),"") | J61: AMREEN
A62: G1 | B62: OSM3 | C62: W11 | E62: Lamping | F62: 7 | G62: =SUMIF($C$16:$C$501,C62,$F$16:$F$501) | H62: =F62/3600 | I62: =IFERROR(INDEX(Lists!$C:$C,MATCH(J62,Lists!$D:$D,0)),"") | J62: =J61
A63: G1 | B63: OSM3 | C63: W11 | E63: Lamping | F63: 8 | G63: =SUMIF($C$16:$C$501,C63,$F$16:$F$501) | H63: =F63/3600 | I63: =IFERROR(INDEX(Lists!$C:$C,MATCH(J63,Lists!$D:$D,0)),"") | J63: =J61
A64: G1 | B64: OSM3 | C64: W11 | E64: Lamping | F64: 8 | G64: =SUMIF($C$16:$C$501,C64,$F$16:$F$501) | H64: =F64/3600 | I64: =IFERROR(INDEX(Lists!$C:$C,MATCH(J64,Lists!$D:$D,0)),"") | J64: =J61
A65: G1 | B65: OSM3 | C65: W11 | E65: Lamping of anchor tab bit | F65: 8 | G65: =SUMIF($C$16:$C$501,C65,$F$16:$F$501) | H65: =F65/3600 | I65: =IFERROR(INDEX(Lists!$C:$C,MATCH(J65,Lists!$D:$D,0)),"") | J65: =J61
A66: G1 | B66: OSM3 | C66: W11 | E66: Lamping | F66: 6 | G66: =SUMIF($C$16:$C$501,C66,$F$16:$F$501) | H66: =F66/3600 | I66: =IFERROR(INDEX(Lists!$C:$C,MATCH(J66,Lists!$D:$D,0)),"") | J66: =J61
A67: G2 | B67: OSM3 | C67: W12 | E67: Pressing | F67: 8 | G67: =SUMIF($C$16:$C$501,C67,$F$16:$F$501) | H67: =F67/3600 | I67: =IFERROR(INDEX(Lists!$C:$C,MATCH(J67,Lists!$D:$D,0)),"") | J67: IRFAN
A68: G2 | B68: OSM3 | C68: W12 | E68: Heating | F68: 11 | G68: =SUMIF($C$16:$C$501,C68,$F$16:$F$501) | H68: =F68/3600 | I68: =IFERROR(INDEX(Lists!$C:$C,MATCH(J68,Lists!$D:$D,0)),"") | J68: =J67
A69: G2 | B69: OSM3 | C69: W12 | E69: Primer | F69: 14 | G69: =SUMIF($C$16:$C$501,C69,$F$16:$F$501) | H69: =F69/3600 | I69: =IFERROR(INDEX(Lists!$C:$C,MATCH(J69,Lists!$D:$D,0)),"") | J69: =J67
A70: G2 | B70: OSM3 | C70: W12 | E70: Primer | F70: 14 | G70: =SUMIF($C$16:$C$501,C70,$F$16:$F$501) | H70: =F70/3600 | I70: =IFERROR(INDEX(Lists!$C:$C,MATCH(J70,Lists!$D:$D,0)),"") | J70: =J67
A71: G2 | B71: OSM3 | C71: W12 | E71: Edge Inking | F71: 14 | G71: =SUMIF($C$16:$C$501,C71,$F$16:$F$501) | H71: =F71/3600 | I71: =IFERROR(INDEX(Lists!$C:$C,MATCH(J71,Lists!$D:$D,0)),"") | J71: =J67
A72: G1 | B72: OSM3 | C72: W13 | E72: Primer 1 | F72: 10 | G72: =SUMIF($C$16:$C$501,C72,$F$16:$F$501) | H72: =F72/3600 | I72: =IFERROR(INDEX(Lists!$C:$C,MATCH(J72,Lists!$D:$D,0)),"") | J72: PUNITHA
A73: G1 | B73: OSM3 | C73: W14 | E73: Primer 1 | F73: 10 | G73: =SUMIF($C$16:$C$501,C73,$F$16:$F$501) | H73: =F73/3600 | I73: =IFERROR(INDEX(Lists!$C:$C,MATCH(J73,Lists!$D:$D,0)),"") | J73: S. THAJNISA
A74: G1 | B74: OSM3 | C74: W13 | E74: Primer 2 | F74: 10 | G74: =SUMIF($C$16:$C$501,C74,$F$16:$F$501) | H74: =F74/3600 | I74: =IFERROR(INDEX(Lists!$C:$C,MATCH(J74,Lists!$D:$D,0)),"") | J74: =J72
A75: G1 | B75: OSM3 | C75: W14 | E75: Primer 2 | F75: 10 | G75: =SUMIF($C$16:$C$501,C75,$F$16:$F$501) | H75: =F75/3600 | I75: =IFERROR(INDEX(Lists!$C:$C,MATCH(J75,Lists!$D:$D,0)),"") | J75: =J73
A76: G1 | B76: OSM3 | C76: W13 | E76: Primer 3 | F76: 10 | G76: =SUMIF($C$16:$C$501,C76,$F$16:$F$501) | H76: =F76/3600 | I76: =IFERROR(INDEX(Lists!$C:$C,MATCH(J76,Lists!$D:$D,0)),"") | J76: =J72
A77: G1 | B77: OSM3 | C77: W14 | E77: Primer 3 | F77: 10 | G77: =SUMIF($C$16:$C$501,C77,$F$16:$F$501) | H77: =F77/3600 | I77: =IFERROR(INDEX(Lists!$C:$C,MATCH(J77,Lists!$D:$D,0)),"") | J77: =J73
A78: G1 | B78: OSM3 | C78: W13 | E78: Buffing | F78: 4 | G78: =SUMIF($C$16:$C$501,C78,$F$16:$F$501) | H78: =F78/3600 | I78: =IFERROR(INDEX(Lists!$C:$C,MATCH(J78,Lists!$D:$D,0)),"") | J78: =J72
A79: G1 | B79: OSM3 | C79: W14 | E79: Buffing | F79: 4 | G79: =SUMIF($C$16:$C$501,C79,$F$16:$F$501) | H79: =F79/3600 | I79: =IFERROR(INDEX(Lists!$C:$C,MATCH(J79,Lists!$D:$D,0)),"") | J79: =J73
A80: G1 | B80: OSM3 | C80: W13 | E80: Edge Inking | F80: 10 | G80: =SUMIF($C$16:$C$501,C80,$F$16:$F$501) | H80: =F80/3600 | I80: =IFERROR(INDEX(Lists!$C:$C,MATCH(J80,Lists!$D:$D,0)),"") | J80: =J72
A81: G1 | B81: OSM3 | C81: W14 | E81: Edge Inking | F81: 10 | G81: =SUMIF($C$16:$C$501,C81,$F$16:$F$501) | H81: =F81/3600 | I81: =IFERROR(INDEX(Lists!$C:$C,MATCH(J81,Lists!$D:$D,0)),"") | J81: =J73
A82: G1 | B82: OSM3 | C82: W13 | E82: Primer 1 | F82: 10 | G82: =SUMIF($C$16:$C$501,C82,$F$16:$F$501) | H82: =F82/3600 | I82: =IFERROR(INDEX(Lists!$C:$C,MATCH(J82,Lists!$D:$D,0)),"") | J82: =J72
A83: G1 | B83: OSM3 | C83: W14 | E83: Primer 1 | F83: 10 | G83: =SUMIF($C$16:$C$501,C83,$F$16:$F$501) | H83: =F83/3600 | I83: =IFERROR(INDEX(Lists!$C:$C,MATCH(J83,Lists!$D:$D,0)),"") | J83: =J73
A84: G1 | B84: OSM3 | C84: W13 | E84: Primer 2 | F84: 10 | G84: =SUMIF($C$16:$C$501,C84,$F$16:$F$501) | H84: =F84/3600 | I84: =IFERROR(INDEX(Lists!$C:$C,MATCH(J84,Lists!$D:$D,0)),"") | J84: =J72
A85: G1 | B85: OSM3 | C85: W14 | E85: Primer 2 | F85: 10 | G85: =SUMIF($C$16:$C$501,C85,$F$16:$F$501) | H85: =F85/3600 | I85: =IFERROR(INDEX(Lists!$C:$C,MATCH(J85,Lists!$D:$D,0)),"") | J85: =J73
A86: G1 | B86: OSM3 | C86: W13 | E86: Primer 3 | F86: 10 | G86: =SUMIF($C$16:$C$501,C86,$F$16:$F$501) | H86: =F86/3600 | I86: =IFERROR(INDEX(Lists!$C:$C,MATCH(J86,Lists!$D:$D,0)),"") | J86: =J72
A87: G1 | B87: OSM3 | C87: W14 | E87: Primer 3 | F87: 10 | G87: =SUMIF($C$16:$C$501,C87,$F$16:$F$501) | H87: =F87/3600 | I87: =IFERROR(INDEX(Lists!$C:$C,MATCH(J87,Lists!$D:$D,0)),"") | J87: =J73
A88: G1 | B88: OSM3 | C88: W13 | E88: Buffing | F88: 4 | G88: =SUMIF($C$16:$C$501,C88,$F$16:$F$501) | H88: =F88/3600 | I88: =IFERROR(INDEX(Lists!$C:$C,MATCH(J88,Lists!$D:$D,0)),"") | J88: =J72
A89: G1 | B89: OSM3 | C89: W14 | E89: Buffing | F89: 4 | G89: =SUMIF($C$16:$C$501,C89,$F$16:$F$501) | H89: =F89/3600 | I89: =IFERROR(INDEX(Lists!$C:$C,MATCH(J89,Lists!$D:$D,0)),"") | J89: =J73
A90: G1 | B90: OSM3 | C90: W13 | E90: Edge Inking | F90: 10 | G90: =SUMIF($C$16:$C$501,C90,$F$16:$F$501) | H90: =F90/3600 | I90: =IFERROR(INDEX(Lists!$C:$C,MATCH(J90,Lists!$D:$D,0)),"") | J90: =J72
A91: G1 | B91: OSM3 | C91: W14 | E91: Edge Inking | F91: 10 | G91: =SUMIF($C$16:$C$501,C91,$F$16:$F$501) | H91: =F91/3600 | I91: =IFERROR(INDEX(Lists!$C:$C,MATCH(J91,Lists!$D:$D,0)),"") | J91: =J73
A92: G1 | B92: OSM3 | C92: W13 | E92: Primer 1 | F92: 6 | G92: =SUMIF($C$16:$C$501,C92,$F$16:$F$501) | H92: =F92/3600 | I92: =IFERROR(INDEX(Lists!$C:$C,MATCH(J92,Lists!$D:$D,0)),"") | J92: =J72
A93: G1 | B93: OSM3 | C93: W14 | E93: Primer 1 | F93: 6 | G93: =SUMIF($C$16:$C$501,C93,$F$16:$F$501) | H93: =F93/3600 | I93: =IFERROR(INDEX(Lists!$C:$C,MATCH(J93,Lists!$D:$D,0)),"") | J93: =J73
A94: G1 | B94: OSM3 | C94: W13 | E94: Primer 2 | F94: 6 | G94: =SUMIF($C$16:$C$501,C94,$F$16:$F$501) | H94: =F94/3600 | I94: =IFERROR(INDEX(Lists!$C:$C,MATCH(J94,Lists!$D:$D,0)),"") | J94: =J72
A95: G1 | B95: OSM3 | C95: W14 | E95: Primer 2 | F95: 6 | G95: =SUMIF($C$16:$C$501,C95,$F$16:$F$501) | H95: =F95/3600 | I95: =IFERROR(INDEX(Lists!$C:$C,MATCH(J95,Lists!$D:$D,0)),"") | J95: =J73
A96: G1 | B96: OSM3 | C96: W13 | E96: Primer 3 | F96: 6 | G96: =SUMIF($C$16:$C$501,C96,$F$16:$F$501) | H96: =F96/3600 | I96: =IFERROR(INDEX(Lists!$C:$C,MATCH(J96,Lists!$D:$D,0)),"") | J96: =J72
A97: G1 | B97: OSM3 | C97: W14 | E97: Primer 3 | F97: 6 | G97: =SUMIF($C$16:$C$501,C97,$F$16:$F$501) | H97: =F97/3600 | I97: =IFERROR(INDEX(Lists!$C:$C,MATCH(J97,Lists!$D:$D,0)),"") | J97: =J73
A98: G1 | B98: OSM3 | C98: W13 | E98: Buffing | F98: 4 | G98: =SUMIF($C$16:$C$501,C98,$F$16:$F$501) | H98: =F98/3600 | I98: =IFERROR(INDEX(Lists!$C:$C,MATCH(J98,Lists!$D:$D,0)),"") | J98: =J72
A99: G1 | B99: OSM3 | C99: W14 | E99: Buffing | F99: 4 | G99: =SUMIF($C$16:$C$501,C99,$F$16:$F$501) | H99: =F99/3600 | I99: =IFERROR(INDEX(Lists!$C:$C,MATCH(J99,Lists!$D:$D,0)),"") | J99: =J73
A100: G1 | B100: OSM3 | C100: W13 | E100: Edge Inking | F100: 6 | G100: =SUMIF($C$16:$C$501,C100,$F$16:$F$501) | H100: =F100/3600 | I100: =IFERROR(INDEX(Lists!$C:$C,MATCH(J100,Lists!$D:$D,0)),"") | J100: =J72
A101: G1 | B101: OSM3 | C101: W14 | E101: Edge Inking | F101: 6 | G101: =SUMIF($C$16:$C$501,C101,$F$16:$F$501) | H101: =F101/3600 | I101: =IFERROR(INDEX(Lists!$C:$C,MATCH(J101,Lists!$D:$D,0)),"") | J101: =J73
A102: G3 | B102: OSM1 | C102: W15 | E102: Recutting facing Leather (1:5) | F102: 3 | G102: =SUMIF($C$16:$C$501,C102,$F$16:$F$501) | H102: =F102/3600 | I102: =IFERROR(INDEX(Lists!$C:$C,MATCH(J102,Lists!$D:$D,0)),"") | J102: MUBARAK
...

Sheet Lists
A1: OPERATION CODE | B1: OPERATION NAME | C1: EMPLOYEE CODE | D1: EMPLOYEE NAME
C2: LPDS95761 | D2: A FATHIMA
C3: LPDS95657 | D3: A JOTHI
C4: LPD11959 | D4: A MEENAKSHI
C5: LPD02946 | D5: A. ALEMELU
C6: LPD07479 | D6: A. CHANMA
C7: LPD10419 | D7: A. FARHANA BEGAM
C8: LPD07739 | D8: A. JAMEELA
C9: LPD00059 | D9: A. NOORUN
C10: LPD03353 | D10: A. RAFI
C11: LPD07294 | D11: A. RAMEZA
C12: LPD00601 | D12: A. SADIKHA
C13: LPD09996 | D13: A. YASEEN BEE
... C225: LPD11520 | D225: ZAREENA
