Workbook

Sheet Line Plan
A1: LINE PLAN UPLOAD
A3: LINE CODE | B3: Rumiya_Line | C3: Production line code. Auto-created if not in system.
A4: HALL NAME | B4: Hall B | C4: Hall/area name.
A5: DATE | B5: 2026-03-26 | C5: Work date — YYYY-MM-DD format.
A6: PRODUCT CODE | B6: KN754 | C6: Style/product code. Auto-created if new.
A7: PRODUCT NAME | B7: KATESPADE | C7: Full product name.
A8: BUYER NAME | C8: Buyer / brand name. Optional.
A9: PLAN MONTH | B9: 2026-04 | C9: Plan month (e.g. 2026-04). Optional.
A10: TARGET UNITS | B10: 350 | C10: Daily target for this line. Required.
A11: CO PRODUCT CODE | C11: Optional — changeover product code.
A12: CO TARGET | C12: Optional — changeover target units.
A13: LINE LEADER | B13: Rumiya | C13: Line leader name.
A15: GROUP | B15: OSM | C15: WORKSTATION ▼ | D15: OP CODE (auto) | E15: SELECT OPERATION ▼ | F15: PROCESS TIME (s) | G15: CYCLE TIME (s) | H15: SAH | I15: EMP CODE (auto) | J15: SELECT EMPLOYEE ▼
A16: G1 | B16: OSM1 | C16: W1 | D16: =IF(E16="","",IF(ISNUMBER(FIND("|",E16)),TRIM(LEFT(E16,FIND("|",E16)-1)),IF(ISNUMBER(MATCH(E16,Config!$C$1:$C$211,0)),E16,IFERROR(INDEX(Config!$C$1:$C$211,MATCH(E16,Config!$D$1:$D$211,0)),"")))) -> OP-0014 | E16: Heating | F16: 10 | G16: =SUMIF($C$16:$C$241,C16,$F$16:$F$241) -> 61 | H16: =F16/3600 -> 0.0027777778 | I16: =IF(J16="","",IF(ISNUMBER(FIND("|",J16)),TRIM(LEFT(J16,FIND("|",J16)-1)),IF(ISNUMBER(MATCH(J16,Config!$F$1:$F$224,0)),J16,IFERROR(INDEX(Config!$F$1:$F$224,MATCH(J16,Config!$G$1:$G$224,0)),"")))) -> LPD07739 | J16: A. JAMEELA
A17: G1 | B17: OSM1 | C17: W1 | D17: =IF(E17="","",IF(ISNUMBER(FIND("|",E17)),TRIM(LEFT(E17,FIND("|",E17)-1)),IF(ISNUMBER(MATCH(E17,Config!$C$1:$C$211,0)),E17,IFERROR(INDEX(Config!$C$1:$C$211,MATCH(E17,Config!$D$1:$D$211,0)),"")))) -> OP-0015 | E17: board with lining attatching & 1st primer | F17: 25.5 | G17: =SUMIF($C$16:$C$241,C17,$F$16:$F$241) -> 61 | H17: =F17/3600 -> 0.0070833333 | I17: =IF(J17="","",IF(ISNUMBER(FIND("|",J17)),TRIM(LEFT(J17,FIND("|",J17)-1)),IF(ISNUMBER(MATCH(J17,Config!$F$1:$F$224,0)),J17,IFERROR(INDEX(Config!$F$1:$F$224,MATCH(J17,Config!$G$1:$G$224,0)),"")))) -> LPD07739 | J17: =IFERROR(INDEX($J$16:J16,MATCH(C17,$C$16:C16,0)),"") -> A. JAMEELA
A18: G1 | B18: OSM1 | C18: W1 | D18: =IF(E18="","",IF(ISNUMBER(FIND("|",E18)),TRIM(LEFT(E18,FIND("|",E18)-1)),IF(ISNUMBER(MATCH(E18,Config!$C$1:$C$211,0)),E18,IFERROR(INDEX(Config!$C$1:$C$211,MATCH(E18,Config!$D$1:$D$211,0)),"")))) -> OP-0016 | E18: die process | F18: 25.5 | G18: =SUMIF($C$16:$C$241,C18,$F$16:$F$241) -> 61 | H18: =F18/3600 -> 0.0070833333 | I18: =IF(J18="","",IF(ISNUMBER(FIND("|",J18)),TRIM(LEFT(J18,FIND("|",J18)-1)),IF(ISNUMBER(MATCH(J18,Config!$F$1:$F$224,0)),J18,IFERROR(INDEX(Config!$F$1:$F$224,MATCH(J18,Config!$G$1:$G$224,0)),"")))) -> LPD07739 | J18: =IFERROR(INDEX($J$16:J17,MATCH(C18,$C$16:C17,0)),"") -> A. JAMEELA
A19: G1 | B19: OSM1 | C19: W2 | D19: =IF(E19="","",IF(ISNUMBER(FIND("|",E19)),TRIM(LEFT(E19,FIND("|",E19)-1)),IF(ISNUMBER(MATCH(E19,Config!$C$1:$C$211,0)),E19,IFERROR(INDEX(Config!$C$1:$C$211,MATCH(E19,Config!$D$1:$D$211,0)),"")))) -> OP-0014 | E19: Heating | F19: 10 | G19: =SUMIF($C$16:$C$241,C19,$F$16:$F$241) -> 61 | H19: =F19/3600 -> 0.0027777778 | I19: =IF(J19="","",IF(ISNUMBER(FIND("|",J19)),TRIM(LEFT(J19,FIND("|",J19)-1)),IF(ISNUMBER(MATCH(J19,Config!$F$1:$F$224,0)),J19,IFERROR(INDEX(Config!$F$1:$F$224,MATCH(J19,Config!$G$1:$G$224,0)),"")))) -> LPD11454 | J19: USHA
A20: G1 | B20: OSM1 | C20: W2 | D20: =IF(E20="","",IF(ISNUMBER(FIND("|",E20)),TRIM(LEFT(E20,FIND("|",E20)-1)),IF(ISNUMBER(MATCH(E20,Config!$C$1:$C$211,0)),E20,IFERROR(INDEX(Config!$C$1:$C$211,MATCH(E20,Config!$D$1:$D$211,0)),"")))) -> OP-0015 | E20: board with lining attatching & 1st primer | F20: 25.5 | G20: =SUMIF($C$16:$C$241,C20,$F$16:$F$241) -> 61 | H20: =F20/3600 -> 0.0070833333 | I20: =IF(J20="","",IF(ISNUMBER(FIND("|",J20)),TRIM(LEFT(J20,FIND("|",J20)-1)),IF(ISNUMBER(MATCH(J20,Config!$F$1:$F$224,0)),J20,IFERROR(INDEX(Config!$F$1:$F$224,MATCH(J20,Config!$G$1:$G$224,0)),"")))) -> LPD11454 | J20: =IFERROR(INDEX($J$16:J19,MATCH(C20,$C$16:C19,0)),"") -> USHA
A21: G1 | B21: OSM1 | C21: W2 | D21: =IF(E21="","",IF(ISNUMBER(FIND("|",E21)),TRIM(LEFT(E21,FIND("|",E21)-1)),IF(ISNUMBER(MATCH(E21,Config!$C$1:$C$211,0)),E21,IFERROR(INDEX(Config!$C$1:$C$211,MATCH(E21,Config!$D$1:$D$211,0)),"")))) -> OP-0016 | E21: die process | F21: 25.5 | G21: =SUMIF($C$16:$C$241,C21,$F$16:$F$241) -> 61 | H21: =F21/3600 -> 0.0070833333 | I21: =IF(J21="","",IF(ISNUMBER(FIND("|",J21)),TRIM(LEFT(J21,FIND("|",J21)-1)),IF(ISNUMBER(MATCH(J21,Config!$F$1:$F$224,0)),J21,IFERROR(INDEX(Config!$F$1:$F$224,MATCH(J21,Config!$G$1:$G$224,0)),"")))) -> LPD11454 | J21: =IFERROR(INDEX($J$16:J20,MATCH(C21,$C$16:C20,0)),"") -> USHA
A22: G1 | B22: OSM1 | C22: W3 | D22: =IF(E22="","",IF(ISNUMBER(FIND("|",E22)),TRIM(LEFT(E22,FIND("|",E22)-1)),IF(ISNUMBER(MATCH(E22,Config!$C$1:$C$211,0)),E22,IFERROR(INDEX(Config!$C$1:$C$211,MATCH(E22,Config!$D$1:$D$211,0)),"")))) -> OP-0017 | E22: Pasting on patti (5*1 Nos) | F22: 15 | G22: =SUMIF($C$16:$C$241,C22,$F$16:$F$241) -> 75 | H22: =F22/3600 -> 0.0041666667 | I22: =IF(J22="","",IF(ISNUMBER(FIND("|",J22)),TRIM(LEFT(J22,FIND("|",J22)-1)),IF(ISNUMBER(MATCH(J22,Config!$F$1:$F$224,0)),J22,IFERROR(INDEX(Config!$F$1:$F$224,MATCH(J22,Config!$G$1:$G$224,0)),"")))) -> LPD11454 | J22: USHA
A23: G1 | B23: OSM1 | C23: W3 | D23: =IF(E23="","",IF(ISNUMBER(FIND("|",E23)),TRIM(LEFT(E23,FIND("|",E23)-1)),IF(ISNUMBER(MATCH(E23,Config!$C$1:$C$211,0)),E23,IFERROR(INDEX(Config!$C$1:$C$211,MATCH(E23,Config!$D$1:$D$211,0)),"")))) -> OP-0018 | E23: Attaching step patti (4*1 Nos) | F23: 16 | G23: =SUMIF($C$16:$C$241,C23,$F$16:$F$241) -> 75 | H23: =F23/3600 -> 0.0044444444 | I23: =IF(J23="","",IF(ISNUMBER(FIND("|",J23)),TRIM(LEFT(J23,FIND("|",J23)-1)),IF(ISNUMBER(MATCH(J23,Config!$F$1:$F$224,0)),J23,IFERROR(INDEX(Config!$F$1:$F$224,MATCH(J23,Config!$G$1:$G$224,0)),"")))) -> LPD11454 | J23: =IFERROR(INDEX($J$16:J22,MATCH(C23,$C$16:C22,0)),"") -> USHA
A24: G1 | B24: OSM1 | C24: W3 | D24: =IF(E24="","",IF(ISNUMBER(FIND("|",E24)),TRIM(LEFT(E24,FIND("|",E24)-1)),IF(ISNUMBER(MATCH(E24,Config!$C$1:$C$211,0)),E24,IFERROR(INDEX(Config!$C$1:$C$211,MATCH(E24,Config!$D$1:$D$211,0)),"")))) -> OP-0019 | E24: Pasting on stamp & pkt (1-Nos) | F24: 12 | G24: =SUMIF($C$16:$C$241,C24,$F$16:$F$241) -> 75 | H24: =F24/3600 -> 0.0033333333 | I24: =IF(J24="","",IF(ISNUMBER(FIND("|",J24)),TRIM(LEFT(J24,FIND("|",J24)-1)),IF(ISNUMBER(MATCH(J24,Config!$F$1:$F$224,0)),J24,IFERROR(INDEX(Config!$F$1:$F$224,MATCH(J24,Config!$G$1:$G$224,0)),"")))) -> LPD11454 | J24: =IFERROR(INDEX($J$16:J23,MATCH(C24,$C$16:C23,0)),"") -> USHA
A25: G1 | B25: OSM1 | C25: W3 | D25: =IF(E25="","",IF(ISNUMBER(FIND("|",E25)),TRIM(LEFT(E25,FIND("|",E25)-1)),IF(ISNUMBER(MATCH(E25,Config!$C$1:$C$211,0)),E25,IFERROR(INDEX(Config!$C$1:$C$211,MATCH(E25,Config!$D$1:$D$211,0)),"")))) -> OP-0020 | E25: Attaching stamp with cc pkt | F25: 8 | G25: =SUMIF($C$16:$C$241,C25,$F$16:$F$241) -> 75 | H25: =F25/3600 -> 0.0022222222 | I25: =IF(J25="","",IF(ISNUMBER(FIND("|",J25)),TRIM(LEFT(J25,FIND("|",J25)-1)),IF(ISNUMBER(MATCH(J25,Config!$F$1:$F$224,0)),J25,IFERROR(INDEX(Config!$F$1:$F$224,MATCH(J25,Config!$G$1:$G$224,0)),"")))) -> LPD11454 | J25: =IFERROR(INDEX($J$16:J24,MATCH(C25,$C$16:C24,0)),"") -> USHA
A26: G1 | B26: OSM1 | C26: W3 | D26: =IF(E26="","",IF(ISNUMBER(FIND("|",E26)),TRIM(LEFT(E26,FIND("|",E26)-1)),IF(ISNUMBER(MATCH(E26,Config!$C$1:$C$211,0)),E26,IFERROR(INDEX(Config!$C$1:$C$211,MATCH(E26,Config!$D$1:$D$211,0)),"")))) -> OP-0021 | E26: Pasting on patti (4*1 Nos) | F26: 12 | G26: =SUMIF($C$16:$C$241,C26,$F$16:$F$241) -> 75 | H26: =F26/3600 -> 0.0033333333 | I26: =IF(J26="","",IF(ISNUMBER(FIND("|",J26)),TRIM(LEFT(J26,FIND("|",J26)-1)),IF(ISNUMBER(MATCH(J26,Config!$F$1:$F$224,0)),J26,IFERROR(INDEX(Config!$F$1:$F$224,MATCH(J26,Config!$G$1:$G$224,0)),"")))) -> LPD11454 | J26: =IFERROR(INDEX($J$16:J25,MATCH(C26,$C$16:C25,0)),"") -> USHA
A27: G1 | B27: OSM1 | C27: W3 | D27: =IF(E27="","",IF(ISNUMBER(FIND("|",E27)),TRIM(LEFT(E27,FIND("|",E27)-1)),IF(ISNUMBER(MATCH(E27,Config!$C$1:$C$211,0)),E27,IFERROR(INDEX(Config!$C$1:$C$211,MATCH(E27,Config!$D$1:$D$211,0)),"")))) -> OP-0022 | E27: Attaching step patti (3*1 Nos) | F27: 12 | G27: =SUMIF($C$16:$C$241,C27,$F$16:$F$241) -> 75 | H27: =F27/3600 -> 0.0033333333 | I27: =IF(J27="","",IF(ISNUMBER(FIND("|",J27)),TRIM(LEFT(J27,FIND("|",J27)-1)),IF(ISNUMBER(MATCH(J27,Config!$F$1:$F$224,0)),J27,IFERROR(INDEX(Config!$F$1:$F$224,MATCH(J27,Config!$G$1:$G$224,0)),"")))) -> LPD11454 | J27: =IFERROR(INDEX($J$16:J26,MATCH(C27,$C$16:C26,0)),"") -> USHA
A28: G1 | B28: OSM1 | C28: W4 | D28: =IF(E28="","",IF(ISNUMBER(FIND("|",E28)),TRIM(LEFT(E28,FIND("|",E28)-1)),IF(ISNUMBER(MATCH(E28,Config!$C$1:$C$211,0)),E28,IFERROR(INDEX(Config!$C$1:$C$211,MATCH(E28,Config!$D$1:$D$211,0)),"")))) -> OP-0023 | E28: Stitching the lining (4*1 Nos) | F28: 20 | G28: =SUMIF($C$16:$C$241,C28,$F$16:$F$241) -> 50.5 | H28: =F28/3600 -> 0.0055555556 | I28: =IF(J28="","",IF(ISNUMBER(FIND("|",J28)),TRIM(LEFT(J28,FIND("|",J28)-1)),IF(ISNUMBER(MATCH(J28,Config!$F$1:$F$224,0)),J28,IFERROR(INDEX(Config!$F$1:$F$224,MATCH(J28,Config!$G$1:$G$224,0)),"")))) -> LPDS95750 | J28: JAYALAKSHMI
A29: G1 | B29: OSM1 | C29: W4 | D29: =IF(E29="","",IF(ISNUMBER(FIND("|",E29)),TRIM(LEFT(E29,FIND("|",E29)-1)),IF(ISNUMBER(MATCH(E29,Config!$C$1:$C$211,0)),E29,IFERROR(INDEX(Config!$C$1:$C$211,MATCH(E29,Config!$D$1:$D$211,0)),"")))) -> OP-0024 | E29: Stitching closing lining (1*1 Nos) | F29: 12 | G29: =SUMIF($C$16:$C$241,C29,$F$16:$F$241) -> 50.5 | H29: =F29/3600 -> 0.0033333333 | I29: =IF(J29="","",IF(ISNUMBER(FIND("|",J29)),TRIM(LEFT(J29,FIND("|",J29)-1)),IF(ISNUMBER(MATCH(J29,Config!$F$1:$F$224,0)),J29,IFERROR(INDEX(Config!$F$1:$F$224,MATCH(J29,Config!$G$1:$G$224,0)),"")))) -> LPDS95750 | J29: =IFERROR(INDEX($J$16:J28,MATCH(C29,$C$16:C28,0)),"") -> JAYALAKSHMI
A30: G1 | B30: OSM1 | C30: W4 | D30: =IF(E30="","",IF(ISNUMBER(FIND("|",E30)),TRIM(LEFT(E30,FIND("|",E30)-1)),IF(ISNUMBER(MATCH(E30,Config!$C$1:$C$211,0)),E30,IFERROR(INDEX(Config!$C$1:$C$211,MATCH(E30,Config!$D$1:$D$211,0)),"")))) -> OP-0025 | E30: Stitching the lining (3*1 Nos) | F30: 13.5 | G30: =SUMIF($C$16:$C$241,C30,$F$16:$F$241) -> 50.5 | H30: =F30/3600 -> 0.00375 | I30: =IF(J30="","",IF(ISNUMBER(FIND("|",J30)),TRIM(LEFT(J30,FIND("|",J30)-1)),IF(ISNUMBER(MATCH(J30,Config!$F$1:$F$224,0)),J30,IFERROR(INDEX(Config!$F$1:$F$224,MATCH(J30,Config!$G$1:$G$224,0)),"")))) -> LPDS95750 | J30: =IFERROR(INDEX($J$16:J29,MATCH(C30,$C$16:C29,0)),"") -> JAYALAKSHMI
A31: G1 | B31: OSM1 | C31: W4 | D31: =IF(E31="","",IF(ISNUMBER(FIND("|",E31)),TRIM(LEFT(E31,FIND("|",E31)-1)),IF(ISNUMBER(MATCH(E31,Config!$C$1:$C$211,0)),E31,IFERROR(INDEX(Config!$C$1:$C$211,MATCH(E31,Config!$D$1:$D$211,0)),"")))) -> OP-0026 | E31: Stitching the lining (1*1 Nos) | F31: 5 | G31: =SUMIF($C$16:$C$241,C31,$F$16:$F$241) -> 50.5 | H31: =F31/3600 -> 0.0013888889 | I31: =IF(J31="","",IF(ISNUMBER(FIND("|",J31)),TRIM(LEFT(J31,FIND("|",J31)-1)),IF(ISNUMBER(MATCH(J31,Config!$F$1:$F$224,0)),J31,IFERROR(INDEX(Config!$F$1:$F$224,MATCH(J31,Config!$G$1:$G$224,0)),"")))) -> LPDS95750 | J31: =IFERROR(INDEX($J$16:J30,MATCH(C31,$C$16:C30,0)),"") -> JAYALAKSHMI
A32: G1 | B32: OSM1 | C32: W5 | D32: =IF(E32="","",IF(ISNUMBER(FIND("|",E32)),TRIM(LEFT(E32,FIND("|",E32)-1)),IF(ISNUMBER(MATCH(E32,Config!$C$1:$C$211,0)),E32,IFERROR(INDEX(Config!$C$1:$C$211,MATCH(E32,Config!$D$1:$D$211,0)),"")))) -> OP-0027 | E32: Recutting of cc pkt (1:2) 1-Nos | F32: 8 | G32: =SUMIF($C$16:$C$241,C32,$F$16:$F$241) -> 34 | H32: =F32/3600 -> 0.0022222222 | I32: =IF(J32="","",IF(ISNUMBER(FIND("|",J32)),TRIM(LEFT(J32,FIND("|",J32)-1)),IF(ISNUMBER(MATCH(J32,Config!$F$1:$F$224,0)),J32,IFERROR(INDEX(Config!$F$1:$F$224,MATCH(J32,Config!$G$1:$G$224,0)),"")))) -> LPDS95789 | J32: ASLAM
A33: G1 | B33: OSM1 | C33: W5 | D33: =IF(E33="","",IF(ISNUMBER(FIND("|",E33)),TRIM(LEFT(E33,FIND("|",E33)-1)),IF(ISNUMBER(MATCH(E33,Config!$C$1:$C$211,0)),E33,IFERROR(INDEX(Config!$C$1:$C$211,MATCH(E33,Config!$D$1:$D$211,0)),"")))) -> OP-0027 | E33: Recutting of cc pkt (1:2) 1-Nos | F33: 8 | G33: =SUMIF($C$16:$C$241,C33,$F$16:$F$241) -> 34 | H33: =F33/3600 -> 0.0022222222 | I33: =IF(J33="","",IF(ISNUMBER(FIND("|",J33)),TRIM(LEFT(J33,FIND("|",J33)-1)),IF(ISNUMBER(MATCH(J33,Config!$F$1:$F$224,0)),J33,IFERROR(INDEX(Config!$F$1:$F$224,MATCH(J33,Config!$G$1:$G$224,0)),"")))) -> LPDS95789 | J33: =IFERROR(INDEX($J$16:J32,MATCH(C33,$C$16:C32,0)),"") -> ASLAM
A34: G1 | B34: OSM1 | C34: W5 | D34: =IF(E34="","",IF(ISNUMBER(FIND("|",E34)),TRIM(LEFT(E34,FIND("|",E34)-1)),IF(ISNUMBER(MATCH(E34,Config!$C$1:$C$211,0)),E34,IFERROR(INDEX(Config!$C$1:$C$211,MATCH(E34,Config!$D$1:$D$211,0)),"")))) -> OP-0028 | E34: Recutting of center stay (1:2) | F34: 9 | G34: =SUMIF($C$16:$C$241,C34,$F$16:$F$241) -> 34 | H34: =F34/3600 -> 0.0025 | I34: =IF(J34="","",IF(ISNUMBER(FIND("|",J34)),TRIM(LEFT(J34,FIND("|",J34)-1)),IF(ISNUMBER(MATCH(J34,Config!$F$1:$F$224,0)),J34,IFERROR(INDEX(Config!$F$1:$F$224,MATCH(J34,Config!$G$1:$G$224,0)),"")))) -> LPDS95789 | J34: =IFERROR(INDEX($J$16:J33,MATCH(C34,$C$16:C33,0)),"") -> ASLAM
A35: G1 | B35: OSM1 | C35: W5 | D35: =IF(E35="","",IF(ISNUMBER(FIND("|",E35)),TRIM(LEFT(E35,FIND("|",E35)-1)),IF(ISNUMBER(MATCH(E35,Config!$C$1:$C$211,0)),E35,IFERROR(INDEX(Config!$C$1:$C$211,MATCH(E35,Config!$D$1:$D$211,0)),"")))) -> OP-0028 | E35: Recutting of center stay (1:2) | F35: 9 | G35: =SUMIF($C$16:$C$241,C35,$F$16:$F$241) -> 34 | H35: =F35/3600 -> 0.0025 | I35: =IF(J35="","",IF(ISNUMBER(FIND("|",J35)),TRIM(LEFT(J35,FIND("|",J35)-1)),IF(ISNUMBER(MATCH(J35,Config!$F$1:$F$224,0)),J35,IFERROR(INDEX(Config!$F$1:$F$224,MATCH(J35,Config!$G$1:$G$224,0)),"")))) -> LPDS95789 | J35: =IFERROR(INDEX($J$16:J34,MATCH(C35,$C$16:C34,0)),"") -> ASLAM
A36: G1 | B36: OSM1 | C36: W6 | D36: =IF(E36="","",IF(ISNUMBER(FIND("|",E36)),TRIM(LEFT(E36,FIND("|",E36)-1)),IF(ISNUMBER(MATCH(E36,Config!$C$1:$C$211,0)),E36,IFERROR(INDEX(Config!$C$1:$C$211,MATCH(E36,Config!$D$1:$D$211,0)),"")))) -> OP-0029 | E36: Pasting on lining (1-Nos) | F36: 10 | G36: =SUMIF($C$16:$C$241,C36,$F$16:$F$241) -> 69 | H36: =F36/3600 -> 0.0027777778 | I36: =IF(J36="","",IF(ISNUMBER(FIND("|",J36)),TRIM(LEFT(J36,FIND("|",J36)-1)),IF(ISNUMBER(MATCH(J36,Config!$F$1:$F$224,0)),J36,IFERROR(INDEX(Config!$F$1:$F$224,MATCH(J36,Config!$G$1:$G$224,0)),"")))) -> LPD05998 | J36: VENDA
A37: G1 | B37: OSM1 | C37: W6 | D37: =IF(E37="","",IF(ISNUMBER(FIND("|",E37)),TRIM(LEFT(E37,FIND("|",E37)-1)),IF(ISNUMBER(MATCH(E37,Config!$C$1:$C$211,0)),E37,IFERROR(INDEX(Config!$C$1:$C$211,MATCH(E37,Config!$D$1:$D$211,0)),"")))) -> OP-0030 | E37: Attaching with lining closing(1-Nos) | F37: 7 | G37: =SUMIF($C$16:$C$241,C37,$F$16:$F$241) -> 69 | H37: =F37/3600 -> 0.0019444444 | I37: =IF(J37="","",IF(ISNUMBER(FIND("|",J37)),TRIM(LEFT(J37,FIND("|",J37)-1)),IF(ISNUMBER(MATCH(J37,Config!$F$1:$F$224,0)),J37,IFERROR(INDEX(Config!$F$1:$F$224,MATCH(J37,Config!$G$1:$G$224,0)),"")))) -> LPD05998 | J37: =IFERROR(INDEX($J$16:J36,MATCH(C37,$C$16:C36,0)),"") -> VENDA
A38: G1 | B38: OSM1 | C38: W6 | D38: =IF(E38="","",IF(ISNUMBER(FIND("|",E38)),TRIM(LEFT(E38,FIND("|",E38)-1)),IF(ISNUMBER(MATCH(E38,Config!$C$1:$C$211,0)),E38,IFERROR(INDEX(Config!$C$1:$C$211,MATCH(E38,Config!$D$1:$D$211,0)),"")))) -> OP-0031 | E38: Pasting cover lining and cc pkt (1-Nos) | F38: 14 | G38: =SUMIF($C$16:$C$241,C38,$F$16:$F$241) -> 69 | H38: =F38/3600 -> 0.0038888889 | I38: =IF(J38="","",IF(ISNUMBER(FIND("|",J38)),TRIM(LEFT(J38,FIND("|",J38)-1)),IF(ISNUMBER(MATCH(J38,Config!$F$1:$F$224,0)),J38,IFERROR(INDEX(Config!$F$1:$F$224,MATCH(J38,Config!$G$1:$G$224,0)),"")))) -> LPD05998 | J38: =IFERROR(INDEX($J$16:J37,MATCH(C38,$C$16:C37,0)),"") -> VENDA
A39: G1 | B39: OSM1 | C39: W6 | D39: =IF(E39="","",IF(ISNUMBER(FIND("|",E39)),TRIM(LEFT(E39,FIND("|",E39)-1)),IF(ISNUMBER(MATCH(E39,Config!$C$1:$C$211,0)),E39,IFERROR(INDEX(Config!$C$1:$C$211,MATCH(E39,Config!$D$1:$D$211,0)),"")))) -> OP-0032 | E39: Attaching cover lining and cc pkt (1-Nos) | F39: 10 | G39: =SUMIF($C$16:$C$241,C39,$F$16:$F$241) -> 69 | H39: =F39/3600 -> 0.0027777778 | I39: =IF(J39="","",IF(ISNUMBER(FIND("|",J39)),TRIM(LEFT(J39,FIND("|",J39)-1)),IF(ISNUMBER(MATCH(J39,Config!$F$1:$F$224,0)),J39,IFERROR(INDEX(Config!$F$1:$F$224,MATCH(J39,Config!$G$1:$G$224,0)),"")))) -> LPD05998 | J39: =IFERROR(INDEX($J$16:J38,MATCH(C39,$C$16:C38,0)),"") -> VENDA
A40: G1 | B40: OSM1 | C40: W6 | D40: =IF(E40="","",IF(ISNUMBER(FIND("|",E40)),TRIM(LEFT(E40,FIND("|",E40)-1)),IF(ISNUMBER(MATCH(E40,Config!$C$1:$C$211,0)),E40,IFERROR(INDEX(Config!$C$1:$C$211,MATCH(E40,Config!$D$1:$D$211,0)),"")))) -> OP-0033 | E40: Pasting lining | F40: 6 | G40: =SUMIF($C$16:$C$241,C40,$F$16:$F$241) -> 69 | H40: =F40/3600 -> 0.0016666667 | I40: =IF(J40="","",IF(ISNUMBER(FIND("|",J40)),TRIM(LEFT(J40,FIND("|",J40)-1)),IF(ISNUMBER(MATCH(J40,Config!$F$1:$F$224,0)),J40,IFERROR(INDEX(Config!$F$1:$F$224,MATCH(J40,Config!$G$1:$G$224,0)),"")))) -> LPD05998 | J40: =IFERROR(INDEX($J$16:J39,MATCH(C40,$C$16:C39,0)),"") -> VENDA
A41: G1 | B41: OSM1 | C41: W6 | D41: =IF(E41="","",IF(ISNUMBER(FIND("|",E41)),TRIM(LEFT(E41,FIND("|",E41)-1)),IF(ISNUMBER(MATCH(E41,Config!$C$1:$C$211,0)),E41,IFERROR(INDEX(Config!$C$1:$C$211,MATCH(E41,Config!$D$1:$D$211,0)),"")))) -> OP-0034 | E41: Lining folding | F41: 6 | G41: =SUMIF($C$16:$C$241,C41,$F$16:$F$241) -> 69 | H41: =F41/3600 -> 0.0016666667 | I41: =IF(J41="","",IF(ISNUMBER(FIND("|",J41)),TRIM(LEFT(J41,FIND("|",J41)-1)),IF(ISNUMBER(MATCH(J41,Config!$F$1:$F$224,0)),J41,IFERROR(INDEX(Config!$F$1:$F$224,MATCH(J41,Config!$G$1:$G$224,0)),"")))) -> LPD05998 | J41: =IFERROR(INDEX($J$16:J40,MATCH(C41,$C$16:C40,0)),"") -> VENDA
A42: G1 | B42: OSM1 | C42: W6 | D42: =IF(E42="","",IF(ISNUMBER(FIND("|",E42)),TRIM(LEFT(E42,FIND("|",E42)-1)),IF(ISNUMBER(MATCH(E42,Config!$C$1:$C$211,0)),E42,IFERROR(INDEX(Config!$C$1:$C$211,MATCH(E42,Config!$D$1:$D$211,0)),"")))) -> OP-0035 | E42: Pasting on lining & beeding | F42: 8 | G42: =SUMIF($C$16:$C$241,C42,$F$16:$F$241) -> 69 | H42: =F42/3600 -> 0.0022222222 | I42: =IF(J42="","",IF(ISNUMBER(FIND("|",J42)),TRIM(LEFT(J42,FIND("|",J42)-1)),IF(ISNUMBER(MATCH(J42,Config!$F$1:$F$224,0)),J42,IFERROR(INDEX(Config!$F$1:$F$224,MATCH(J42,Config!$G$1:$G$224,0)),"")))) -> LPD05998 | J42: =IFERROR(INDEX($J$16:J41,MATCH(C42,$C$16:C41,0)),"") -> VENDA
A43: G1 | B43: OSM1 | C43: W6 | D43: =IF(E43="","",IF(ISNUMBER(FIND("|",E43)),TRIM(LEFT(E43,FIND("|",E43)-1)),IF(ISNUMBER(MATCH(E43,Config!$C$1:$C$211,0)),E43,IFERROR(INDEX(Config!$C$1:$C$211,MATCH(E43,Config!$D$1:$D$211,0)),"")))) -> OP-0036 | E43: Attaching lining with beeding | F43: 8 | G43: =SUMIF($C$16:$C$241,C43,$F$16:$F$241) -> 69 | H43: =F43/3600 -> 0.0022222222 | I43: =IF(J43="","",IF(ISNUMBER(FIND("|",J43)),TRIM(LEFT(J43,FIND("|",J43)-1)),IF(ISNUMBER(MATCH(J43,Config!$F$1:$F$224,0)),J43,IFERROR(INDEX(Config!$F$1:$F$224,MATCH(J43,Config!$G$1:$G$224,0)),"")))) -> LPD05998 | J43: =IFERROR(INDEX($J$16:J42,MATCH(C43,$C$16:C42,0)),"") -> VENDA
A44: G1 | B44: OSM1 | C44: W7 | D44: =IF(E44="","",IF(ISNUMBER(FIND("|",E44)),TRIM(LEFT(E44,FIND("|",E44)-1)),IF(ISNUMBER(MATCH(E44,Config!$C$1:$C$211,0)),E44,IFERROR(INDEX(Config!$C$1:$C$211,MATCH(E44,Config!$D$1:$D$211,0)),"")))) -> OP-0037 | E44: Pasting on patti | F44: 4 | G44: =SUMIF($C$16:$C$241,C44,$F$16:$F$241) -> 65 | H44: =F44/3600 -> 0.0011111111 | I44: =IF(J44="","",IF(ISNUMBER(FIND("|",J44)),TRIM(LEFT(J44,FIND("|",J44)-1)),IF(ISNUMBER(MATCH(J44,Config!$F$1:$F$224,0)),J44,IFERROR(INDEX(Config!$F$1:$F$224,MATCH(J44,Config!$G$1:$G$224,0)),"")))) -> LPD11099 | J44: TAMIL ARASI
A45: G1 | B45: OSM1 | C45: W7 | D45: =IF(E45="","",IF(ISNUMBER(FIND("|",E45)),TRIM(LEFT(E45,FIND("|",E45)-1)),IF(ISNUMBER(MATCH(E45,Config!$C$1:$C$211,0)),E45,IFERROR(INDEX(Config!$C$1:$C$211,MATCH(E45,Config!$D$1:$D$211,0)),"")))) -> OP-0038 | E45: Attaching step patti (1*1Nos) | F45: 5 | G45: =SUMIF($C$16:$C$241,C45,$F$16:$F$241) -> 65 | H45: =F45/3600 -> 0.0013888889 | I45: =IF(J45="","",IF(ISNUMBER(FIND("|",J45)),TRIM(LEFT(J45,FIND("|",J45)-1)),IF(ISNUMBER(MATCH(J45,Config!$F$1:$F$224,0)),J45,IFERROR(INDEX(Config!$F$1:$F$224,MATCH(J45,Config!$G$1:$G$224,0)),"")))) -> LPD11099 | J45: =IFERROR(INDEX($J$16:J44,MATCH(C45,$C$16:C44,0)),"") -> TAMIL ARASI
A46: G1 | B46: OSM1 | C46: W7 | D46: =IF(E46="","",IF(ISNUMBER(FIND("|",E46)),TRIM(LEFT(E46,FIND("|",E46)-1)),IF(ISNUMBER(MATCH(E46,Config!$C$1:$C$211,0)),E46,IFERROR(INDEX(Config!$C$1:$C$211,MATCH(E46,Config!$D$1:$D$211,0)),"")))) -> OP-0039 | E46: Pasting on window side patti lining | F46: 10 | G46: =SUMIF($C$16:$C$241,C46,$F$16:$F$241) -> 65 | H46: =F46/3600 -> 0.0027777778 | I46: =IF(J46="","",IF(ISNUMBER(FIND("|",J46)),TRIM(LEFT(J46,FIND("|",J46)-1)),IF(ISNUMBER(MATCH(J46,Config!$F$1:$F$224,0)),J46,IFERROR(INDEX(Config!$F$1:$F$224,MATCH(J46,Config!$G$1:$G$224,0)),"")))) -> LPD11099 | J46: =IFERROR(INDEX($J$16:J45,MATCH(C46,$C$16:C45,0)),"") -> TAMIL ARASI
A47: G1 | B47: OSM1 | C47: W7 | D47: =IF(E47="","",IF(ISNUMBER(FIND("|",E47)),TRIM(LEFT(E47,FIND("|",E47)-1)),IF(ISNUMBER(MATCH(E47,Config!$C$1:$C$211,0)),E47,IFERROR(INDEX(Config!$C$1:$C$211,MATCH(E47,Config!$D$1:$D$211,0)),"")))) -> OP-0040 | E47: Pasting on cc pkt | F47: 10 | G47: =SUMIF($C$16:$C$241,C47,$F$16:$F$241) -> 65 | H47: =F47/3600 -> 0.0027777778 | I47: =IF(J47="","",IF(ISNUMBER(FIND("|",J47)),TRIM(LEFT(J47,FIND("|",J47)-1)),IF(ISNUMBER(MATCH(J47,Config!$F$1:$F$224,0)),J47,IFERROR(INDEX(Config!$F$1:$F$224,MATCH(J47,Config!$G$1:$G$224,0)),"")))) -> LPD11099 | J47: =IFERROR(INDEX($J$16:J46,MATCH(C47,$C$16:C46,0)),"") -> TAMIL ARASI
A48: G1 | B48: OSM1 | C48: W7 | D48: =IF(E48="","",IF(ISNUMBER(FIND("|",E48)),TRIM(LEFT(E48,FIND("|",E48)-1)),IF(ISNUMBER(MATCH(E48,Config!$C$1:$C$211,0)),E48,IFERROR(INDEX(Config!$C$1:$C$211,MATCH(E48,Config!$D$1:$D$211,0)),"")))) -> OP-0041 | E48: Attaching step patti (1Nos) | F48: 10 | G48: =SUMIF($C$16:$C$241,C48,$F$16:$F$241) -> 65 | H48: =F48/3600 -> 0.0027777778 | I48: =IF(J48="","",IF(ISNUMBER(FIND("|",J48)),TRIM(LEFT(J48,FIND("|",J48)-1)),IF(ISNUMBER(MATCH(J48,Config!$F$1:$F$224,0)),J48,IFERROR(INDEX(Config!$F$1:$F$224,MATCH(J48,Config!$G$1:$G$224,0)),"")))) -> LPD11099 | J48: =IFERROR(INDEX($J$16:J47,MATCH(C48,$C$16:C47,0)),"") -> TAMIL ARASI
A49: G1 | B49: OSM1 | C49: W7 | D49: =IF(E49="","",IF(ISNUMBER(FIND("|",E49)),TRIM(LEFT(E49,FIND("|",E49)-1)),IF(ISNUMBER(MATCH(E49,Config!$C$1:$C$211,0)),E49,IFERROR(INDEX(Config!$C$1:$C$211,MATCH(E49,Config!$D$1:$D$211,0)),"")))) -> OP-0040 | E49: Pasting on cc pkt | F49: 8 | G49: =SUMIF($C$16:$C$241,C49,$F$16:$F$241) -> 65 | H49: =F49/3600 -> 0.0022222222 | I49: =IF(J49="","",IF(ISNUMBER(FIND("|",J49)),TRIM(LEFT(J49,FIND("|",J49)-1)),IF(ISNUMBER(MATCH(J49,Config!$F$1:$F$224,0)),J49,IFERROR(INDEX(Config!$F$1:$F$224,MATCH(J49,Config!$G$1:$G$224,0)),"")))) -> LPD11099 | J49: =IFERROR(INDEX($J$16:J48,MATCH(C49,$C$16:C48,0)),"") -> TAMIL ARASI
A50: G1 | B50: OSM1 | C50: W7 | D50: =IF(E50="","",IF(ISNUMBER(FIND("|",E50)),TRIM(LEFT(E50,FIND("|",E50)-1)),IF(ISNUMBER(MATCH(E50,Config!$C$1:$C$211,0)),E50,IFERROR(INDEX(Config!$C$1:$C$211,MATCH(E50,Config!$D$1:$D$211,0)),"")))) -> OP-0042 | E50: Pasting on window | F50: 8 | G50: =SUMIF($C$16:$C$241,C50,$F$16:$F$241) -> 65 | H50: =F50/3600 -> 0.0022222222 | I50: =IF(J50="","",IF(ISNUMBER(FIND("|",J50)),TRIM(LEFT(J50,FIND("|",J50)-1)),IF(ISNUMBER(MATCH(J50,Config!$F$1:$F$224,0)),J50,IFERROR(INDEX(Config!$F$1:$F$224,MATCH(J50,Config!$G$1:$G$224,0)),"")))) -> LPD11099 | J50: =IFERROR(INDEX($J$16:J49,MATCH(C50,$C$16:C49,0)),"") -> TAMIL ARASI
A51: G1 | B51: OSM1 | C51: W7 | D51: =IF(E51="","",IF(ISNUMBER(FIND("|",E51)),TRIM(LEFT(E51,FIND("|",E51)-1)),IF(ISNUMBER(MATCH(E51,Config!$C$1:$C$211,0)),E51,IFERROR(INDEX(Config!$C$1:$C$211,MATCH(E51,Config!$D$1:$D$211,0)),"")))) -> OP-0043 | E51: Attaching window with cc pkt | F51: 10 | G51: =SUMIF($C$16:$C$241,C51,$F$16:$F$241) -> 65 | H51: =F51/3600 -> 0.0027777778 | I51: =IF(J51="","",IF(ISNUMBER(FIND("|",J51)),TRIM(LEFT(J51,FIND("|",J51)-1)),IF(ISNUMBER(MATCH(J51,Config!$F$1:$F$224,0)),J51,IFERROR(INDEX(Config!$F$1:$F$224,MATCH(J51,Config!$G$1:$G$224,0)),"")))) -> LPD11099 | J51: =IFERROR(INDEX($J$16:J50,MATCH(C51,$C$16:C50,0)),"") -> TAMIL ARASI
A52: G1 | B52: OSM1 | C52: W8 | D52: =IF(E52="","",IF(ISNUMBER(FIND("|",E52)),TRIM(LEFT(E52,FIND("|",E52)-1)),IF(ISNUMBER(MATCH(E52,Config!$C$1:$C$211,0)),E52,IFERROR(INDEX(Config!$C$1:$C$211,MATCH(E52,Config!$D$1:$D$211,0)),"")))) -> OP-0044 | E52: Stitching the window side | F52: 14 | G52: =SUMIF($C$16:$C$241,C52,$F$16:$F$241) -> 55 | H52: =F52/3600 -> 0.0038888889 | I52: =IF(J52="","",IF(ISNUMBER(FIND("|",J52)),TRIM(LEFT(J52,FIND("|",J52)-1)),IF(ISNUMBER(MATCH(J52,Config!$F$1:$F$224,0)),J52,IFERROR(INDEX(Config!$F$1:$F$224,MATCH(J52,Config!$G$1:$G$224,0)),"")))) -> LPD11420 | J52: KALPANA
A53: G1 | B53: OSM1 | C53: W8 | D53: =IF(E53="","",IF(ISNUMBER(FIND("|",E53)),TRIM(LEFT(E53,FIND("|",E53)-1)),IF(ISNUMBER(MATCH(E53,Config!$C$1:$C$211,0)),E53,IFERROR(INDEX(Config!$C$1:$C$211,MATCH(E53,Config!$D$1:$D$211,0)),"")))) -> OP-0045 | E53: Stitching the cc pkt on Sides | F53: 16 | G53: =SUMIF($C$16:$C$241,C53,$F$16:$F$241) -> 55 | H53: =F53/3600 -> 0.0044444444 | I53: =IF(J53="","",IF(ISNUMBER(FIND("|",J53)),TRIM(LEFT(J53,FIND("|",J53)-1)),IF(ISNUMBER(MATCH(J53,Config!$F$1:$F$224,0)),J53,IFERROR(INDEX(Config!$F$1:$F$224,MATCH(J53,Config!$G$1:$G$224,0)),"")))) -> LPD11420 | J53: =IFERROR(INDEX($J$16:J52,MATCH(C53,$C$16:C52,0)),"") -> KALPANA
A54: G1 | B54: OSM1 | C54: W8 | D54: =IF(E54="","",IF(ISNUMBER(FIND("|",E54)),TRIM(LEFT(E54,FIND("|",E54)-1)),IF(ISNUMBER(MATCH(E54,Config!$C$1:$C$211,0)),E54,IFERROR(INDEX(Config!$C$1:$C$211,MATCH(E54,Config!$D$1:$D$211,0)),"")))) -> OP-0046 | E54: Stitching cc pkt lining side ( half stitch) | F54: 18 | G54: =SUMIF($C$16:$C$241,C54,$F$16:$F$241) -> 55 | H54: =F54/3600 -> 0.005 | I54: =IF(J54="","",IF(ISNUMBER(FIND("|",J54)),TRIM(LEFT(J54,FIND("|",J54)-1)),IF(ISNUMBER(MATCH(J54,Config!$F$1:$F$224,0)),J54,IFERROR(INDEX(Config!$F$1:$F$224,MATCH(J54,Config!$G$1:$G$224,0)),"")))) -> LPD11420 | J54: =IFERROR(INDEX($J$16:J53,MATCH(C54,$C$16:C53,0)),"") -> KALPANA
A55: G1 | B55: OSM1 | C55: W8 | D55: =IF(E55="","",IF(ISNUMBER(FIND("|",E55)),TRIM(LEFT(E55,FIND("|",E55)-1)),IF(ISNUMBER(MATCH(E55,Config!$C$1:$C$211,0)),E55,IFERROR(INDEX(Config!$C$1:$C$211,MATCH(E55,Config!$D$1:$D$211,0)),"")))) -> OP-0047 | E55: Thread pulling at both sides | F55: 7 | G55: =SUMIF($C$16:$C$241,C55,$F$16:$F$241) -> 55 | H55: =F55/3600 -> 0.0019444444 | I55: =IF(J55="","",IF(ISNUMBER(FIND("|",J55)),TRIM(LEFT(J55,FIND("|",J55)-1)),IF(ISNUMBER(MATCH(J55,Config!$F$1:$F$224,0)),J55,IFERROR(INDEX(Config!$F$1:$F$224,MATCH(J55,Config!$G$1:$G$224,0)),"")))) -> LPD11420 | J55: =IFERROR(INDEX($J$16:J54,MATCH(C55,$C$16:C54,0)),"") -> KALPANA
A56: G2 | B56: OSM3 | C56: W9 | D56: =IF(E56="","",IF(ISNUMBER(FIND("|",E56)),TRIM(LEFT(E56,FIND("|",E56)-1)),IF(ISNUMBER(MATCH(E56,Config!$C$1:$C$211,0)),E56,IFERROR(INDEX(Config!$C$1:$C$211,MATCH(E56,Config!$D$1:$D$211,0)),"")))) -> OP-0048 | E56: Stitching window with pkt | F56: 24 | G56: =SUMIF($C$16:$C$241,C56,$F$16:$F$241) -> 56 | H56: =F56/3600 -> 0.0066666667 | I56: =IF(J56="","",IF(ISNUMBER(FIND("|",J56)),TRIM(LEFT(J56,FIND("|",J56)-1)),IF(ISNUMBER(MATCH(J56,Config!$F$1:$F$224,0)),J56,IFERROR(INDEX(Config!$F$1:$F$224,MATCH(J56,Config!$G$1:$G$224,0)),"")))) -> LPD12204 | J56: KUMARI
A57: G2 | B57: OSM3 | C57: W9 | D57: =IF(E57="","",IF(ISNUMBER(FIND("|",E57)),TRIM(LEFT(E57,FIND("|",E57)-1)),IF(ISNUMBER(MATCH(E57,Config!$C$1:$C$211,0)),E57,IFERROR(INDEX(Config!$C$1:$C$211,MATCH(E57,Config!$D$1:$D$211,0)),"")))) -> OP-0049 | E57: CC Pkt side stitching ( 2nd half stitch) | F57: 20 | G57: =SUMIF($C$16:$C$241,C57,$F$16:$F$241) -> 56 | H57: =F57/3600 -> 0.0055555556 | I57: =IF(J57="","",IF(ISNUMBER(FIND("|",J57)),TRIM(LEFT(J57,FIND("|",J57)-1)),IF(ISNUMBER(MATCH(J57,Config!$F$1:$F$224,0)),J57,IFERROR(INDEX(Config!$F$1:$F$224,MATCH(J57,Config!$G$1:$G$224,0)),"")))) -> LPD12204 | J57: =IFERROR(INDEX($J$16:J56,MATCH(C57,$C$16:C56,0)),"") -> KUMARI
A58: G2 | B58: OSM3 | C58: W9 | D58: =IF(E58="","",IF(ISNUMBER(FIND("|",E58)),TRIM(LEFT(E58,FIND("|",E58)-1)),IF(ISNUMBER(MATCH(E58,Config!$C$1:$C$211,0)),E58,IFERROR(INDEX(Config!$C$1:$C$211,MATCH(E58,Config!$D$1:$D$211,0)),"")))) -> OP-0050 | E58: Decorative Stitching of Anchor Bit | F58: 12 | G58: =SUMIF($C$16:$C$241,C58,$F$16:$F$241) -> 56 | H58: =F58/3600 -> 0.0033333333 | I58: =IF(J58="","",IF(ISNUMBER(FIND("|",J58)),TRIM(LEFT(J58,FIND("|",J58)-1)),IF(ISNUMBER(MATCH(J58,Config!$F$1:$F$224,0)),J58,IFERROR(INDEX(Config!$F$1:$F$224,MATCH(J58,Config!$G$1:$G$224,0)),"")))) -> LPD12204 | J58: =IFERROR(INDEX($J$16:J57,MATCH(C58,$C$16:C57,0)),"") -> KUMARI
A59: G2 | B59: OSM3 | C59: W10 | D59: =IF(E59="","",IF(ISNUMBER(FIND("|",E59)),TRIM(LEFT(E59,FIND("|",E59)-1)),IF(ISNUMBER(MATCH(E59,Config!$C$1:$C$211,0)),E59,IFERROR(INDEX(Config!$C$1:$C$211,MATCH(E59,Config!$D$1:$D$211,0)),"")))) -> OP-0051 | E59: Pasting top leather & facing leather | F59: 12 | G59: =SUMIF($C$16:$C$241,C59,$F$16:$F$241) -> 40 | H59: =F59/3600 -> 0.0033333333 | I59: =IF(J59="","",IF(ISNUMBER(FIND("|",J59)),TRIM(LEFT(J59,FIND("|",J59)-1)),IF(ISNUMBER(MATCH(J59,Config!$F$1:$F$224,0)),J59,IFERROR(INDEX(Config!$F$1:$F$224,MATCH(J59,Config!$G$1:$G$224,0)),"")))) -> LPDS94748 | J59: JAYA KODI
A60: G2 | B60: OSM3 | C60: W10 | D60: =IF(E60="","",IF(ISNUMBER(FIND("|",E60)),TRIM(LEFT(E60,FIND("|",E60)-1)),IF(ISNUMBER(MATCH(E60,Config!$C$1:$C$211,0)),E60,IFERROR(INDEX(Config!$C$1:$C$211,MATCH(E60,Config!$D$1:$D$211,0)),"")))) -> OP-0052 | E60: Attaching top & facing leather | F60: 28 | G60: =SUMIF($C$16:$C$241,C60,$F$16:$F$241) -> 40 | H60: =F60/3600 -> 0.0077777778 | I60: =IF(J60="","",IF(ISNUMBER(FIND("|",J60)),TRIM(LEFT(J60,FIND("|",J60)-1)),IF(ISNUMBER(MATCH(J60,Config!$F$1:$F$224,0)),J60,IFERROR(INDEX(Config!$F$1:$F$224,MATCH(J60,Config!$G$1:$G$224,0)),"")))) -> LPDS94748 | J60: =IFERROR(INDEX($J$16:J59,MATCH(C60,$C$16:C59,0)),"") -> JAYA KODI
A61: G1 | B61: OSM3 | C61: W11 | D61: =IF(E61="","",IF(ISNUMBER(FIND("|",E61)),TRIM(LEFT(E61,FIND("|",E61)-1)),IF(ISNUMBER(MATCH(E61,Config!$C$1:$C$211,0)),E61,IFERROR(INDEX(Config!$C$1:$C$211,MATCH(E61,Config!$D$1:$D$211,0)),"")))) -> OP-0053 | E61: Lamping | F61: 7 | G61: =SUMIF($C$16:$C$241,C61,$F$16:$F$241) -> 44 | H61: =F61/3600 -> 0.0019444444 | I61: =IF(J61="","",IF(ISNUMBER(FIND("|",J61)),TRIM(LEFT(J61,FIND("|",J61)-1)),IF(ISNUMBER(MATCH(J61,Config!$F$1:$F$224,0)),J61,IFERROR(INDEX(Config!$F$1:$F$224,MATCH(J61,Config!$G$1:$G$224,0)),"")))) -> LPDS95254 | J61: AMREEN
A62: G1 | B62: OSM3 | C62: W11 | D62: =IF(E62="","",IF(ISNUMBER(FIND("|",E62)),TRIM(LEFT(E62,FIND("|",E62)-1)),IF(ISNUMBER(MATCH(E62,Config!$C$1:$C$211,0)),E62,IFERROR(INDEX(Config!$C$1:$C$211,MATCH(E62,Config!$D$1:$D$211,0)),"")))) -> OP-0053 | E62: Lamping | F62: 7 | G62: =SUMIF($C$16:$C$241,C62,$F$16:$F$241) -> 44 | H62: =F62/3600 -> 0.0019444444 | I62: =IF(J62="","",IF(ISNUMBER(FIND("|",J62)),TRIM(LEFT(J62,FIND("|",J62)-1)),IF(ISNUMBER(MATCH(J62,Config!$F$1:$F$224,0)),J62,IFERROR(INDEX(Config!$F$1:$F$224,MATCH(J62,Config!$G$1:$G$224,0)),"")))) -> LPDS95254 | J62: =IFERROR(INDEX($J$16:J61,MATCH(C62,$C$16:C61,0)),"") -> AMREEN
A63: G1 | B63: OSM3 | C63: W11 | D63: =IF(E63="","",IF(ISNUMBER(FIND("|",E63)),TRIM(LEFT(E63,FIND("|",E63)-1)),IF(ISNUMBER(MATCH(E63,Config!$C$1:$C$211,0)),E63,IFERROR(INDEX(Config!$C$1:$C$211,MATCH(E63,Config!$D$1:$D$211,0)),"")))) -> OP-0053 | E63: Lamping | F63: 8 | G63: =SUMIF($C$16:$C$241,C63,$F$16:$F$241) -> 44 | H63: =F63/3600 -> 0.0022222222 | I63: =IF(J63="","",IF(ISNUMBER(FIND("|",J63)),TRIM(LEFT(J63,FIND("|",J63)-1)),IF(ISNUMBER(MATCH(J63,Config!$F$1:$F$224,0)),J63,IFERROR(INDEX(Config!$F$1:$F$224,MATCH(J63,Config!$G$1:$G$224,0)),"")))) -> LPDS95254 | J63: =IFERROR(INDEX($J$16:J62,MATCH(C63,$C$16:C62,0)),"") -> AMREEN
A64: G1 | B64: OSM3 | C64: W11 | D64: =IF(E64="","",IF(ISNUMBER(FIND("|",E64)),TRIM(LEFT(E64,FIND("|",E64)-1)),IF(ISNUMBER(MATCH(E64,Config!$C$1:$C$211,0)),E64,IFERROR(INDEX(Config!$C$1:$C$211,MATCH(E64,Config!$D$1:$D$211,0)),"")))) -> OP-0053 | E64: Lamping | F64: 8 | G64: =SUMIF($C$16:$C$241,C64,$F$16:$F$241) -> 44 | H64: =F64/3600 -> 0.0022222222 | I64: =IF(J64="","",IF(ISNUMBER(FIND("|",J64)),TRIM(LEFT(J64,FIND("|",J64)-1)),IF(ISNUMBER(MATCH(J64,Config!$F$1:$F$224,0)),J64,IFERROR(INDEX(Config!$F$1:$F$224,MATCH(J64,Config!$G$1:$G$224,0)),"")))) -> LPDS95254 | J64: =IFERROR(INDEX($J$16:J63,MATCH(C64,$C$16:C63,0)),"") -> AMREEN
A65: G1 | B65: OSM3 | C65: W11 | D65: =IF(E65="","",IF(ISNUMBER(FIND("|",E65)),TRIM(LEFT(E65,FIND("|",E65)-1)),IF(ISNUMBER(MATCH(E65,Config!$C$1:$C$211,0)),E65,IFERROR(INDEX(Config!$C$1:$C$211,MATCH(E65,Config!$D$1:$D$211,0)),"")))) -> OP-0054 | E65: Lamping of anchor tab bit | F65: 8 | G65: =SUMIF($C$16:$C$241,C65,$F$16:$F$241) -> 44 | H65: =F65/3600 -> 0.0022222222 | I65: =IF(J65="","",IF(ISNUMBER(FIND("|",J65)),TRIM(LEFT(J65,FIND("|",J65)-1)),IF(ISNUMBER(MATCH(J65,Config!$F$1:$F$224,0)),J65,IFERROR(INDEX(Config!$F$1:$F$224,MATCH(J65,Config!$G$1:$G$224,0)),"")))) -> LPDS95254 | J65: =IFERROR(INDEX($J$16:J64,MATCH(C65,$C$16:C64,0)),"") -> AMREEN
A66: G1 | B66: OSM3 | C66: W11 | D66: =IF(E66="","",IF(ISNUMBER(FIND("|",E66)),TRIM(LEFT(E66,FIND("|",E66)-1)),IF(ISNUMBER(MATCH(E66,Config!$C$1:$C$211,0)),E66,IFERROR(INDEX(Config!$C$1:$C$211,MATCH(E66,Config!$D$1:$D$211,0)),"")))) -> OP-0053 | E66: Lamping | F66: 6 | G66: =SUMIF($C$16:$C$241,C66,$F$16:$F$241) -> 44 | H66: =F66/3600 -> 0.0016666667 | I66: =IF(J66="","",IF(ISNUMBER(FIND("|",J66)),TRIM(LEFT(J66,FIND("|",J66)-1)),IF(ISNUMBER(MATCH(J66,Config!$F$1:$F$224,0)),J66,IFERROR(INDEX(Config!$F$1:$F$224,MATCH(J66,Config!$G$1:$G$224,0)),"")))) -> LPDS95254 | J66: =IFERROR(INDEX($J$16:J65,MATCH(C66,$C$16:C65,0)),"") -> AMREEN
A67: G2 | B67: OSM3 | C67: W12 | D67: =IF(E67="","",IF(ISNUMBER(FIND("|",E67)),TRIM(LEFT(E67,FIND("|",E67)-1)),IF(ISNUMBER(MATCH(E67,Config!$C$1:$C$211,0)),E67,IFERROR(INDEX(Config!$C$1:$C$211,MATCH(E67,Config!$D$1:$D$211,0)),"")))) -> OP-0055 | E67: Pressing | F67: 8 | G67: =SUMIF($C$16:$C$241,C67,$F$16:$F$241) -> 61 | H67: =F67/3600 -> 0.0022222222 | I67: =IF(J67="","",IF(ISNUMBER(FIND("|",J67)),TRIM(LEFT(J67,FIND("|",J67)-1)),IF(ISNUMBER(MATCH(J67,Config!$F$1:$F$224,0)),J67,IFERROR(INDEX(Config!$F$1:$F$224,MATCH(J67,Config!$G$1:$G$224,0)),"")))) -> LPD11272 | J67: IRFAN
A68: G2 | B68: OSM3 | C68: W12 | D68: =IF(E68="","",IF(ISNUMBER(FIND("|",E68)),TRIM(LEFT(E68,FIND("|",E68)-1)),IF(ISNUMBER(MATCH(E68,Config!$C$1:$C$211,0)),E68,IFERROR(INDEX(Config!$C$1:$C$211,MATCH(E68,Config!$D$1:$D$211,0)),"")))) -> OP-0014 | E68: Heating | F68: 11 | G68: =SUMIF($C$16:$C$241,C68,$F$16:$F$241) -> 61 | H68: =F68/3600 -> 0.0030555556 | I68: =IF(J68="","",IF(ISNUMBER(FIND("|",J68)),TRIM(LEFT(J68,FIND("|",J68)-1)),IF(ISNUMBER(MATCH(J68,Config!$F$1:$F$224,0)),J68,IFERROR(INDEX(Config!$F$1:$F$224,MATCH(J68,Config!$G$1:$G$224,0)),"")))) -> LPD11272 | J68: =IFERROR(INDEX($J$16:J67,MATCH(C68,$C$16:C67,0)),"") -> IRFAN
A69: G2 | B69: OSM3 | C69: W12 | D69: =IF(E69="","",IF(ISNUMBER(FIND("|",E69)),TRIM(LEFT(E69,FIND("|",E69)-1)),IF(ISNUMBER(MATCH(E69,Config!$C$1:$C$211,0)),E69,IFERROR(INDEX(Config!$C$1:$C$211,MATCH(E69,Config!$D$1:$D$211,0)),"")))) -> OP-0056 | E69: Primer | F69: 14 | G69: =SUMIF($C$16:$C$241,C69,$F$16:$F$241) -> 61 | H69: =F69/3600 -> 0.0038888889 | I69: =IF(J69="","",IF(ISNUMBER(FIND("|",J69)),TRIM(LEFT(J69,FIND("|",J69)-1)),IF(ISNUMBER(MATCH(J69,Config!$F$1:$F$224,0)),J69,IFERROR(INDEX(Config!$F$1:$F$224,MATCH(J69,Config!$G$1:$G$224,0)),"")))) -> LPD11272 | J69: =IFERROR(INDEX($J$16:J68,MATCH(C69,$C$16:C68,0)),"") -> IRFAN
A70: G2 | B70: OSM3 | C70: W12 | D70: =IF(E70="","",IF(ISNUMBER(FIND("|",E70)),TRIM(LEFT(E70,FIND("|",E70)-1)),IF(ISNUMBER(MATCH(E70,Config!$C$1:$C$211,0)),E70,IFERROR(INDEX(Config!$C$1:$C$211,MATCH(E70,Config!$D$1:$D$211,0)),"")))) -> OP-0056 | E70: Primer | F70: 14 | G70: =SUMIF($C$16:$C$241,C70,$F$16:$F$241) -> 61 | H70: =F70/3600 -> 0.0038888889 | I70: =IF(J70="","",IF(ISNUMBER(FIND("|",J70)),TRIM(LEFT(J70,FIND("|",J70)-1)),IF(ISNUMBER(MATCH(J70,Config!$F$1:$F$224,0)),J70,IFERROR(INDEX(Config!$F$1:$F$224,MATCH(J70,Config!$G$1:$G$224,0)),"")))) -> LPD11272 | J70: =IFERROR(INDEX($J$16:J69,MATCH(C70,$C$16:C69,0)),"") -> IRFAN
A71: G2 | B71: OSM3 | C71: W12 | D71: =IF(E71="","",IF(ISNUMBER(FIND("|",E71)),TRIM(LEFT(E71,FIND("|",E71)-1)),IF(ISNUMBER(MATCH(E71,Config!$C$1:$C$211,0)),E71,IFERROR(INDEX(Config!$C$1:$C$211,MATCH(E71,Config!$D$1:$D$211,0)),"")))) -> OP-0057 | E71: Edge Inking | F71: 14 | G71: =SUMIF($C$16:$C$241,C71,$F$16:$F$241) -> 61 | H71: =F71/3600 -> 0.0038888889 | I71: =IF(J71="","",IF(ISNUMBER(FIND("|",J71)),TRIM(LEFT(J71,FIND("|",J71)-1)),IF(ISNUMBER(MATCH(J71,Config!$F$1:$F$224,0)),J71,IFERROR(INDEX(Config!$F$1:$F$224,MATCH(J71,Config!$G$1:$G$224,0)),"")))) -> LPD11272 | J71: =IFERROR(INDEX($J$16:J70,MATCH(C71,$C$16:C70,0)),"") -> IRFAN
A72: G1 | B72: OSM3 | C72: W13 | D72: =IF(E72="","",IF(ISNUMBER(FIND("|",E72)),TRIM(LEFT(E72,FIND("|",E72)-1)),IF(ISNUMBER(MATCH(E72,Config!$C$1:$C$211,0)),E72,IFERROR(INDEX(Config!$C$1:$C$211,MATCH(E72,Config!$D$1:$D$211,0)),"")))) -> OP-0058 | E72: Primer 1 | F72: 10 | G72: =SUMIF($C$16:$C$241,C72,$F$16:$F$241) -> 116 | H72: =F72/3600 -> 0.0027777778 | I72: =IF(J72="","",IF(ISNUMBER(FIND("|",J72)),TRIM(LEFT(J72,FIND("|",J72)-1)),IF(ISNUMBER(MATCH(J72,Config!$F$1:$F$224,0)),J72,IFERROR(INDEX(Config!$F$1:$F$224,MATCH(J72,Config!$G$1:$G$224,0)),"")))) -> LPD10889 | J72: PUNITHA
A73: G1 | B73: OSM3 | C73: W14 | D73: =IF(E73="","",IF(ISNUMBER(FIND("|",E73)),TRIM(LEFT(E73,FIND("|",E73)-1)),IF(ISNUMBER(MATCH(E73,Config!$C$1:$C$211,0)),E73,IFERROR(INDEX(Config!$C$1:$C$211,MATCH(E73,Config!$D$1:$D$211,0)),"")))) -> OP-0058 | E73: Primer 1 | F73: 10 | G73: =SUMIF($C$16:$C$241,C73,$F$16:$F$241) -> 116 | H73: =F73/3600 -> 0.0027777778 | I73: =IF(J73="","",IF(ISNUMBER(FIND("|",J73)),TRIM(LEFT(J73,FIND("|",J73)-1)),IF(ISNUMBER(MATCH(J73,Config!$F$1:$F$224,0)),J73,IFERROR(INDEX(Config!$F$1:$F$224,MATCH(J73,Config!$G$1:$G$224,0)),"")))) -> LPD11089 | J73: S. THAJNISA
A74: G1 | B74: OSM3 | C74: W13 | D74: =IF(E74="","",IF(ISNUMBER(FIND("|",E74)),TRIM(LEFT(E74,FIND("|",E74)-1)),IF(ISNUMBER(MATCH(E74,Config!$C$1:$C$211,0)),E74,IFERROR(INDEX(Config!$C$1:$C$211,MATCH(E74,Config!$D$1:$D$211,0)),"")))) -> OP-0059 | E74: Primer 2 | F74: 10 | G74: =SUMIF($C$16:$C$241,C74,$F$16:$F$241) -> 116 | H74: =F74/3600 -> 0.0027777778 | I74: =IF(J74="","",IF(ISNUMBER(FIND("|",J74)),TRIM(LEFT(J74,FIND("|",J74)-1)),IF(ISNUMBER(MATCH(J74,Config!$F$1:$F$224,0)),J74,IFERROR(INDEX(Config!$F$1:$F$224,MATCH(J74,Config!$G$1:$G$224,0)),"")))) -> LPD10889 | J74: =IFERROR(INDEX($J$16:J73,MATCH(C74,$C$16:C73,0)),"") -> PUNITHA
A75: G1 | B75: OSM3 | C75: W14 | D75: =IF(E75="","",IF(ISNUMBER(FIND("|",E75)),TRIM(LEFT(E75,FIND("|",E75)-1)),IF(ISNUMBER(MATCH(E75,Config!$C$1:$C$211,0)),E75,IFERROR(INDEX(Config!$C$1:$C$211,MATCH(E75,Config!$D$1:$D$211,0)),"")))) -> OP-0059 | E75: Primer 2 | F75: 10 | G75: =SUMIF($C$16:$C$241,C75,$F$16:$F$241) -> 116 | H75: =F75/3600 -> 0.0027777778 | I75: =IF(J75="","",IF(ISNUMBER(FIND("|",J75)),TRIM(LEFT(J75,FIND("|",J75)-1)),IF(ISNUMBER(MATCH(J75,Config!$F$1:$F$224,0)),J75,IFERROR(INDEX(Config!$F$1:$F$224,MATCH(J75,Config!$G$1:$G$224,0)),"")))) -> LPD11089 | J75: =IFERROR(INDEX($J$16:J74,MATCH(C75,$C$16:C74,0)),"") -> S. THAJNISA
A76: G1 | B76: OSM3 | C76: W13 | D76: =IF(E76="","",IF(ISNUMBER(FIND("|",E76)),TRIM(LEFT(E76,FIND("|",E76)-1)),IF(ISNUMBER(MATCH(E76,Config!$C$1:$C$211,0)),E76,IFERROR(INDEX(Config!$C$1:$C$211,MATCH(E76,Config!$D$1:$D$211,0)),"")))) -> OP-0060 | E76: Primer 3 | F76: 10 | G76: =SUMIF($C$16:$C$241,C76,$F$16:$F$241) -> 116 | H76: =F76/3600 -> 0.0027777778 | I76: =IF(J76="","",IF(ISNUMBER(FIND("|",J76)),TRIM(LEFT(J76,FIND("|",J76)-1)),IF(ISNUMBER(MATCH(J76,Config!$F$1:$F$224,0)),J76,IFERROR(INDEX(Config!$F$1:$F$224,MATCH(J76,Config!$G$1:$G$224,0)),"")))) -> LPD10889 | J76: =IFERROR(INDEX($J$16:J75,MATCH(C76,$C$16:C75,0)),"") -> PUNITHA
A77: G1 | B77: OSM3 | C77: W14 | D77: =IF(E77="","",IF(ISNUMBER(FIND("|",E77)),TRIM(LEFT(E77,FIND("|",E77)-1)),IF(ISNUMBER(MATCH(E77,Config!$C$1:$C$211,0)),E77,IFERROR(INDEX(Config!$C$1:$C$211,MATCH(E77,Config!$D$1:$D$211,0)),"")))) -> OP-0060 | E77: Primer 3 | F77: 10 | G77: =SUMIF($C$16:$C$241,C77,$F$16:$F$241) -> 116 | H77: =F77/3600 -> 0.0027777778 | I77: =IF(J77="","",IF(ISNUMBER(FIND("|",J77)),TRIM(LEFT(J77,FIND("|",J77)-1)),IF(ISNUMBER(MATCH(J77,Config!$F$1:$F$224,0)),J77,IFERROR(INDEX(Config!$F$1:$F$224,MATCH(J77,Config!$G$1:$G$224,0)),"")))) -> LPD11089 | J77: =IFERROR(INDEX($J$16:J76,MATCH(C77,$C$16:C76,0)),"") -> S. THAJNISA
A78: G1 | B78: OSM3 | C78: W13 | D78: =IF(E78="","",IF(ISNUMBER(FIND("|",E78)),TRIM(LEFT(E78,FIND("|",E78)-1)),IF(ISNUMBER(MATCH(E78,Config!$C$1:$C$211,0)),E78,IFERROR(INDEX(Config!$C$1:$C$211,MATCH(E78,Config!$D$1:$D$211,0)),"")))) -> OP-0061 | E78: Buffing | F78: 4 | G78: =SUMIF($C$16:$C$241,C78,$F$16:$F$241) -> 116 | H78: =F78/3600 -> 0.0011111111 | I78: =IF(J78="","",IF(ISNUMBER(FIND("|",J78)),TRIM(LEFT(J78,FIND("|",J78)-1)),IF(ISNUMBER(MATCH(J78,Config!$F$1:$F$224,0)),J78,IFERROR(INDEX(Config!$F$1:$F$224,MATCH(J78,Config!$G$1:$G$224,0)),"")))) -> LPD10889 | J78: =IFERROR(INDEX($J$16:J77,MATCH(C78,$C$16:C77,0)),"") -> PUNITHA
A79: G1 | B79: OSM3 | C79: W14 | D79: =IF(E79="","",IF(ISNUMBER(FIND("|",E79)),TRIM(LEFT(E79,FIND("|",E79)-1)),IF(ISNUMBER(MATCH(E79,Config!$C$1:$C$211,0)),E79,IFERROR(INDEX(Config!$C$1:$C$211,MATCH(E79,Config!$D$1:$D$211,0)),"")))) -> OP-0061 | E79: Buffing | F79: 4 | G79: =SUMIF($C$16:$C$241,C79,$F$16:$F$241) -> 116 | H79: =F79/3600 -> 0.0011111111 | I79: =IF(J79="","",IF(ISNUMBER(FIND("|",J79)),TRIM(LEFT(J79,FIND("|",J79)-1)),IF(ISNUMBER(MATCH(J79,Config!$F$1:$F$224,0)),J79,IFERROR(INDEX(Config!$F$1:$F$224,MATCH(J79,Config!$G$1:$G$224,0)),"")))) -> LPD11089 | J79: =IFERROR(INDEX($J$16:J78,MATCH(C79,$C$16:C78,0)),"") -> S. THAJNISA
A80: G1 | B80: OSM3 | C80: W13 | D80: =IF(E80="","",IF(ISNUMBER(FIND("|",E80)),TRIM(LEFT(E80,FIND("|",E80)-1)),IF(ISNUMBER(MATCH(E80,Config!$C$1:$C$211,0)),E80,IFERROR(INDEX(Config!$C$1:$C$211,MATCH(E80,Config!$D$1:$D$211,0)),"")))) -> OP-0057 | E80: Edge Inking | F80: 10 | G80: =SUMIF($C$16:$C$241,C80,$F$16:$F$241) -> 116 | H80: =F80/3600 -> 0.0027777778 | I80: =IF(J80="","",IF(ISNUMBER(FIND("|",J80)),TRIM(LEFT(J80,FIND("|",J80)-1)),IF(ISNUMBER(MATCH(J80,Config!$F$1:$F$224,0)),J80,IFERROR(INDEX(Config!$F$1:$F$224,MATCH(J80,Config!$G$1:$G$224,0)),"")))) -> LPD10889 | J80: =IFERROR(INDEX($J$16:J79,MATCH(C80,$C$16:C79,0)),"") -> PUNITHA
A81: G1 | B81: OSM3 | C81: W14 | D81: =IF(E81="","",IF(ISNUMBER(FIND("|",E81)),TRIM(LEFT(E81,FIND("|",E81)-1)),IF(ISNUMBER(MATCH(E81,Config!$C$1:$C$211,0)),E81,IFERROR(INDEX(Config!$C$1:$C$211,MATCH(E81,Config!$D$1:$D$211,0)),"")))) -> OP-0057 | E81: Edge Inking | F81: 10 | G81: =SUMIF($C$16:$C$241,C81,$F$16:$F$241) -> 116 | H81: =F81/3600 -> 0.0027777778 | I81: =IF(J81="","",IF(ISNUMBER(FIND("|",J81)),TRIM(LEFT(J81,FIND("|",J81)-1)),IF(ISNUMBER(MATCH(J81,Config!$F$1:$F$224,0)),J81,IFERROR(INDEX(Config!$F$1:$F$224,MATCH(J81,Config!$G$1:$G$224,0)),"")))) -> LPD11089 | J81: =IFERROR(INDEX($J$16:J80,MATCH(C81,$C$16:C80,0)),"") -> S. THAJNISA
A82: G1 | B82: OSM3 | C82: W13 | D82: =IF(E82="","",IF(ISNUMBER(FIND("|",E82)),TRIM(LEFT(E82,FIND("|",E82)-1)),IF(ISNUMBER(MATCH(E82,Config!$C$1:$C$211,0)),E82,IFERROR(INDEX(Config!$C$1:$C$211,MATCH(E82,Config!$D$1:$D$211,0)),"")))) -> OP-0058 | E82: Primer 1 | F82: 10 | G82: =SUMIF($C$16:$C$241,C82,$F$16:$F$241) -> 116 | H82: =F82/3600 -> 0.0027777778 | I82: =IF(J82="","",IF(ISNUMBER(FIND("|",J82)),TRIM(LEFT(J82,FIND("|",J82)-1)),IF(ISNUMBER(MATCH(J82,Config!$F$1:$F$224,0)),J82,IFERROR(INDEX(Config!$F$1:$F$224,MATCH(J82,Config!$G$1:$G$224,0)),"")))) -> LPD10889 | J82: =IFERROR(INDEX($J$16:J81,MATCH(C82,$C$16:C81,0)),"") -> PUNITHA
A83: G1 | B83: OSM3 | C83: W14 | D83: =IF(E83="","",IF(ISNUMBER(FIND("|",E83)),TRIM(LEFT(E83,FIND("|",E83)-1)),IF(ISNUMBER(MATCH(E83,Config!$C$1:$C$211,0)),E83,IFERROR(INDEX(Config!$C$1:$C$211,MATCH(E83,Config!$D$1:$D$211,0)),"")))) -> OP-0058 | E83: Primer 1 | F83: 10 | G83: =SUMIF($C$16:$C$241,C83,$F$16:$F$241) -> 116 | H83: =F83/3600 -> 0.0027777778 | I83: =IF(J83="","",IF(ISNUMBER(FIND("|",J83)),TRIM(LEFT(J83,FIND("|",J83)-1)),IF(ISNUMBER(MATCH(J83,Config!$F$1:$F$224,0)),J83,IFERROR(INDEX(Config!$F$1:$F$224,MATCH(J83,Config!$G$1:$G$224,0)),"")))) -> LPD11089 | J83: =IFERROR(INDEX($J$16:J82,MATCH(C83,$C$16:C82,0)),"") -> S. THAJNISA
A84: G1 | B84: OSM3 | C84: W13 | D84: =IF(E84="","",IF(ISNUMBER(FIND("|",E84)),TRIM(LEFT(E84,FIND("|",E84)-1)),IF(ISNUMBER(MATCH(E84,Config!$C$1:$C$211,0)),E84,IFERROR(INDEX(Config!$C$1:$C$211,MATCH(E84,Config!$D$1:$D$211,0)),"")))) -> OP-0059 | E84: Primer 2 | F84: 10 | G84: =SUMIF($C$16:$C$241,C84,$F$16:$F$241) -> 116 | H84: =F84/3600 -> 0.0027777778 | I84: =IF(J84="","",IF(ISNUMBER(FIND("|",J84)),TRIM(LEFT(J84,FIND("|",J84)-1)),IF(ISNUMBER(MATCH(J84,Config!$F$1:$F$224,0)),J84,IFERROR(INDEX(Config!$F$1:$F$224,MATCH(J84,Config!$G$1:$G$224,0)),"")))) -> LPD10889 | J84: =IFERROR(INDEX($J$16:J83,MATCH(C84,$C$16:C83,0)),"") -> PUNITHA
A85: G1 | B85: OSM3 | C85: W14 | D85: =IF(E85="","",IF(ISNUMBER(FIND("|",E85)),TRIM(LEFT(E85,FIND("|",E85)-1)),IF(ISNUMBER(MATCH(E85,Config!$C$1:$C$211,0)),E85,IFERROR(INDEX(Config!$C$1:$C$211,MATCH(E85,Config!$D$1:$D$211,0)),"")))) -> OP-0059 | E85: Primer 2 | F85: 10 | G85: =SUMIF($C$16:$C$241,C85,$F$16:$F$241) -> 116 | H85: =F85/3600 -> 0.0027777778 | I85: =IF(J85="","",IF(ISNUMBER(FIND("|",J85)),TRIM(LEFT(J85,FIND("|",J85)-1)),IF(ISNUMBER(MATCH(J85,Config!$F$1:$F$224,0)),J85,IFERROR(INDEX(Config!$F$1:$F$224,MATCH(J85,Config!$G$1:$G$224,0)),"")))) -> LPD11089 | J85: =IFERROR(INDEX($J$16:J84,MATCH(C85,$C$16:C84,0)),"") -> S. THAJNISA
... A101: G1 | B101: OSM3 | C101: W14 | D101: =IF(E101="","",IF(ISNUMBER(FIND("|",E101)),TRIM(LEFT(E101,FIND("|",E101)-1)),IF(ISNUMBER(MATCH(E101,Config!$C$1:$C$211,0)),E101,IFERROR(INDEX(Config!$C$1:$C$211,MATCH(E101,Config!$D$1:$D$211,0)),"")))) -> OP-0057 | E101: Edge Inking | F101: 6 | G101: =SUMIF($C$16:$C$241,C101,$F$16:$F$241) -> 116 | H101: =F101/3600 -> 0.0016666667 | I101: =IF(J101="","",IF(ISNUMBER(FIND("|",J101)),TRIM(LEFT(J101,FIND("|",J101)-1)),IF(ISNUMBER(MATCH(J101,Config!$F$1:$F$224,0)),J101,IFERROR(INDEX(Config!$F$1:$F$224,MATCH(J101,Config!$G$1:$G$224,0)),"")))) -> LPD11089 | J101: =IFERROR(INDEX($J$16:J100,MATCH(C101,$C$16:C100,0)),"") -> S. THAJNISA
A102: G3 | B102: OSM1 | C102: W15 | D102: =IF(E102="","",IF(ISNUMBER(FIND("|",E102)),TRIM(LEFT(E102,FIND("|",E102)-1)),IF(ISNUMBER(MATCH(E102,Config!$C$1:$C$211,0)),E102,IFERROR(INDEX(Config!$C$1:$C$211,MATCH(E102,Config!$D$1:$D$211,0)),"")))) -> OP-0062 | E102: Recutting facing Leather (1:5) | F102: 3 | G102: =SUMIF($C$16:$C$241,C102,$F$16:$F$241) -> 50.5 | H102: =F102/3600 -> 0.00083333333 | I102: =IF(J102="","",IF(ISNUMBER(FIND("|",J102)),TRIM(LEFT(J102,FIND("|",J102)-1)),IF(ISNUMBER(MATCH(J102,Config!$F$1:$F$224,0)),J102,IFERROR(INDEX(Config!$F$1:$F$224,MATCH(J102,Config!$G$1:$G$224,0)),"")))) -> LPD07687 | J102: MUBARAK
A103: G3 | B103: OSM1 | C103: W15 | D103: =IF(E103="","",IF(ISNUMBER(FIND("|",E103)),TRIM(LEFT(E103,FIND("|",E103)-1)),IF(ISNUMBER(MATCH(E103,Config!$C$1:$C$211,0)),E103,IFERROR(INDEX(Config!$C$1:$C$211,MATCH(E103,Config!$D$1:$D$211,0)),"")))) -> OP-0063 | E103: Recutting Top Leather (1:5) | F103: 3 | G103: =SUMIF($C$16:$C$241,C103,$F$16:$F$241) -> 50.5 | H103: =F103/3600 -> 0.00083333333 | I103: =IF(J103="","",IF(ISNUMBER(FIND("|",J103)),TRIM(LEFT(J103,FIND("|",J103)-1)),IF(ISNUMBER(MATCH(J103,Config!$F$1:$F$224,0)),J103,IFERROR(INDEX(Config!$F$1:$F$224,MATCH(J103,Config!$G$1:$G$224,0)),"")))) -> LPD07687 | J103: =IFERROR(INDEX($J$16:J102,MATCH(C103,$C$16:C102,0)),"") -> MUBARAK
A104: G3 | B104: OSM1 | C104: W15 | D104: =IF(E104="","",IF(ISNUMBER(FIND("|",E104)),TRIM(LEFT(E104,FIND("|",E104)-1)),IF(ISNUMBER(MATCH(E104,Config!$C$1:$C$211,0)),E104,IFERROR(INDEX(Config!$C$1:$C$211,MATCH(E104,Config!$D$1:$D$211,0)),"")))) -> OP-0064 | E104: Recutting Top | F104: 14 | G104: =SUMIF($C$16:$C$241,C104,$F$16:$F$241) -> 50.5 | H104: =F104/3600 -> 0.0038888889 | I104: =IF(J104="","",IF(ISNUMBER(FIND("|",J104)),TRIM(LEFT(J104,FIND("|",J104)-1)),IF(ISNUMBER(MATCH(J104,Config!$F$1:$F$224,0)),J104,IFERROR(INDEX(Config!$F$1:$F$224,MATCH(J104,Config!$G$1:$G$224,0)),"")))) -> LPD07687 | J104: =IFERROR(INDEX($J$16:J103,MATCH(C104,$C$16:C103,0)),"") -> MUBARAK
A105: G3 | B105: OSM1 | C105: W15 | D105: =IF(E105="","",IF(ISNUMBER(FIND("|",E105)),TRIM(LEFT(E105,FIND("|",E105)-1)),IF(ISNUMBER(MATCH(E105,Config!$C$1:$C$211,0)),E105,IFERROR(INDEX(Config!$C$1:$C$211,MATCH(E105,Config!$D$1:$D$211,0)),"")))) -> OP-0065 | E105: Recutting zip collar PU | F105: 15 | G105: =SUMIF($C$16:$C$241,C105,$F$16:$F$241) -> 50.5 | H105: =F105/3600 -> 0.0041666667 | I105: =IF(J105="","",IF(ISNUMBER(FIND("|",J105)),TRIM(LEFT(J105,FIND("|",J105)-1)),IF(ISNUMBER(MATCH(J105,Config!$F$1:$F$224,0)),J105,IFERROR(INDEX(Config!$F$1:$F$224,MATCH(J105,Config!$G$1:$G$224,0)),"")))) -> LPD07687 | J105: =IFERROR(INDEX($J$16:J104,MATCH(C105,$C$16:C104,0)),"") -> MUBARAK
A106: G3 | B106: OSM1 | C106: W15 | D106: =IF(E106="","",IF(ISNUMBER(FIND("|",E106)),TRIM(LEFT(E106,FIND("|",E106)-1)),IF(ISNUMBER(MATCH(E106,Config!$C$1:$C$211,0)),E106,IFERROR(INDEX(Config!$C$1:$C$211,MATCH(E106,Config!$D$1:$D$211,0)),"")))) -> OP-0028 | E106: Recutting of center stay (1:2) | F106: 7.5 | G106: =SUMIF($C$16:$C$241,C106,$F$16:$F$241) -> 50.5 | H106: =F106/3600 -> 0.0020833333 | I106: =IF(J106="","",IF(ISNUMBER(FIND("|",J106)),TRIM(LEFT(J106,FIND("|",J106)-1)),IF(ISNUMBER(MATCH(J106,Config!$F$1:$F$224,0)),J106,IFERROR(INDEX(Config!$F$1:$F$224,MATCH(J106,Config!$G$1:$G$224,0)),"")))) -> LPD07687 | J106: =IFERROR(INDEX($J$16:J105,MATCH(C106,$C$16:C105,0)),"") -> MUBARAK
A107: G3 | B107: OSM1 | C107: W15 | D107: =IF(E107="","",IF(ISNUMBER(FIND("|",E107)),TRIM(LEFT(E107,FIND("|",E107)-1)),IF(ISNUMBER(MATCH(E107,Config!$C$1:$C$211,0)),E107,IFERROR(INDEX(Config!$C$1:$C$211,MATCH(E107,Config!$D$1:$D$211,0)),"")))) -> OP-0028 | E107: Recutting of center stay (1:2) | F107: 8 | G107: =SUMIF($C$16:$C$241,C107,$F$16:$F$241) -> 50.5 | H107: =F107/3600 -> 0.0022222222 | I107: =IF(J107="","",IF(ISNUMBER(FIND("|",J107)),TRIM(LEFT(J107,FIND("|",J107)-1)),IF(ISNUMBER(MATCH(J107,Config!$F$1:$F$224,0)),J107,IFERROR(INDEX(Config!$F$1:$F$224,MATCH(J107,Config!$G$1:$G$224,0)),"")))) -> LPD07687 | J107: =IFERROR(INDEX($J$16:J106,MATCH(C107,$C$16:C106,0)),"") -> MUBARAK
A108: G1 | B108: OSM2 | C108: W16 | D108: =IF(E108="","",IF(ISNUMBER(FIND("|",E108)),TRIM(LEFT(E108,FIND("|",E108)-1)),IF(ISNUMBER(MATCH(E108,Config!$C$1:$C$211,0)),E108,IFERROR(INDEX(Config!$C$1:$C$211,MATCH(E108,Config!$D$1:$D$211,0)),"")))) -> OP-0066 | E108: Foil Embossing on cc pkt | F108: 28 | G108: =SUMIF($C$16:$C$241,C108,$F$16:$F$241) -> 80 | H108: =F108/3600 -> 0.0077777778 | I108: =IF(J108="","",IF(ISNUMBER(FIND("|",J108)),TRIM(LEFT(J108,FIND("|",J108)-1)),IF(ISNUMBER(MATCH(J108,Config!$F$1:$F$224,0)),J108,IFERROR(INDEX(Config!$F$1:$F$224,MATCH(J108,Config!$G$1:$G$224,0)),"")))) -> LPD10907 | J108: RASOOL
A109: G1 | B109: OSM2 | C109: W16 | D109: =IF(E109="","",IF(ISNUMBER(FIND("|",E109)),TRIM(LEFT(E109,FIND("|",E109)-1)),IF(ISNUMBER(MATCH(E109,Config!$C$1:$C$211,0)),E109,IFERROR(INDEX(Config!$C$1:$C$211,MATCH(E109,Config!$D$1:$D$211,0)),"")))) -> OP-0067 | E109: inserting & Pressing snap male button (1-Nos) | F109: 18 | G109: =SUMIF($C$16:$C$241,C109,$F$16:$F$241) -> 80 | H109: =F109/3600 -> 0.005 | I109: =IF(J109="","",IF(ISNUMBER(FIND("|",J109)),TRIM(LEFT(J109,FIND("|",J109)-1)),IF(ISNUMBER(MATCH(J109,Config!$F$1:$F$224,0)),J109,IFERROR(INDEX(Config!$F$1:$F$224,MATCH(J109,Config!$G$1:$G$224,0)),"")))) -> LPD10907 | J109: =IFERROR(INDEX($J$16:J108,MATCH(C109,$C$16:C108,0)),"") -> RASOOL
A110: G1 | B110: OSM2 | C110: W16 | D110: =IF(E110="","",IF(ISNUMBER(FIND("|",E110)),TRIM(LEFT(E110,FIND("|",E110)-1)),IF(ISNUMBER(MATCH(E110,Config!$C$1:$C$211,0)),E110,IFERROR(INDEX(Config!$C$1:$C$211,MATCH(E110,Config!$D$1:$D$211,0)),"")))) -> OP-0068 | E110: Revitting Female button on Top | F110: 18 | G110: =SUMIF($C$16:$C$241,C110,$F$16:$F$241) -> 80 | H110: =F110/3600 -> 0.005 | I110: =IF(J110="","",IF(ISNUMBER(FIND("|",J110)),TRIM(LEFT(J110,FIND("|",J110)-1)),IF(ISNUMBER(MATCH(J110,Config!$F$1:$F$224,0)),J110,IFERROR(INDEX(Config!$F$1:$F$224,MATCH(J110,Config!$G$1:$G$224,0)),"")))) -> LPD10907 | J110: =IFERROR(INDEX($J$16:J109,MATCH(C110,$C$16:C109,0)),"") -> RASOOL
A111: G1 | B111: OSM2 | C111: W16 | D111: =IF(E111="","",IF(ISNUMBER(FIND("|",E111)),TRIM(LEFT(E111,FIND("|",E111)-1)),IF(ISNUMBER(MATCH(E111,Config!$C$1:$C$211,0)),E111,IFERROR(INDEX(Config!$C$1:$C$211,MATCH(E111,Config!$D$1:$D$211,0)),"")))) -> OP-0069 | E111: Grinding Logo on Top | F111: 16 | G111: =SUMIF($C$16:$C$241,C111,$F$16:$F$241) -> 80 | H111: =F111/3600 -> 0.0044444444 | I111: =IF(J111="","",IF(ISNUMBER(FIND("|",J111)),TRIM(LEFT(J111,FIND("|",J111)-1)),IF(ISNUMBER(MATCH(J111,Config!$F$1:$F$224,0)),J111,IFERROR(INDEX(Config!$F$1:$F$224,MATCH(J111,Config!$G$1:$G$224,0)),"")))) -> LPD10907 | J111: =IFERROR(INDEX($J$16:J110,MATCH(C111,$C$16:C110,0)),"") -> RASOOL
A112: G3 | B112: OSM3 | C112: W17 | D112: =IF(E112="","",IF(ISNUMBER(FIND("|",E112)),TRIM(LEFT(E112,FIND("|",E112)-1)),IF(ISNUMBER(MATCH(E112,Config!$C$1:$C$211,0)),E112,IFERROR(INDEX(Config!$C$1:$C$211,MATCH(E112,Config!$D$1:$D$211,0)),"")))) -> OP-0070 | E112: Pressing logo on Top | F112: 68 | G112: =SUMIF($C$16:$C$241,C112,$F$16:$F$241) -> 80 | H112: =F112/3600 -> 0.018888889 | I112: =IF(J112="","",IF(ISNUMBER(FIND("|",J112)),TRIM(LEFT(J112,FIND("|",J112)-1)),IF(ISNUMBER(MATCH(J112,Config!$F$1:$F$224,0)),J112,IFERROR(INDEX(Config!$F$1:$F$224,MATCH(J112,Config!$G$1:$G$224,0)),"")))) -> LPD09926 | J112: AKBAR
A113: G3 | B113: OSM3 | C113: W17 | D113: =IF(E113="","",IF(ISNUMBER(FIND("|",E113)),TRIM(LEFT(E113,FIND("|",E113)-1)),IF(ISNUMBER(MATCH(E113,Config!$C$1:$C$211,0)),E113,IFERROR(INDEX(Config!$C$1:$C$211,MATCH(E113,Config!$D$1:$D$211,0)),"")))) -> OP-0071 | E113: Attaching Self adhesive logo cover kimlon | F113: 12 | G113: =SUMIF($C$16:$C$241,C113,$F$16:$F$241) -> 80 | H113: =F113/3600 -> 0.0033333333 | I113: =IF(J113="","",IF(ISNUMBER(FIND("|",J113)),TRIM(LEFT(J113,FIND("|",J113)-1)),IF(ISNUMBER(MATCH(J113,Config!$F$1:$F$224,0)),J113,IFERROR(INDEX(Config!$F$1:$F$224,MATCH(J113,Config!$G$1:$G$224,0)),"")))) -> LPD09926 | J113: =IFERROR(INDEX($J$16:J112,MATCH(C113,$C$16:C112,0)),"") -> AKBAR
A114: G3 | B114: OSM3 | C114: W18 | D114: =IF(E114="","",IF(ISNUMBER(FIND("|",E114)),TRIM(LEFT(E114,FIND("|",E114)-1)),IF(ISNUMBER(MATCH(E114,Config!$C$1:$C$211,0)),E114,IFERROR(INDEX(Config!$C$1:$C$211,MATCH(E114,Config!$D$1:$D$211,0)),"")))) -> OP-0072 | E114: Pasting on top | F114: 14 | G114: =SUMIF($C$16:$C$241,C114,$F$16:$F$241) -> 134 | H114: =F114/3600 -> 0.0038888889 | I114: =IF(J114="","",IF(ISNUMBER(FIND("|",J114)),TRIM(LEFT(J114,FIND("|",J114)-1)),IF(ISNUMBER(MATCH(J114,Config!$F$1:$F$224,0)),J114,IFERROR(INDEX(Config!$F$1:$F$224,MATCH(J114,Config!$G$1:$G$224,0)),"")))) -> LPD07960 | J114: F. ZAINATHBEE
A115: G3 | B115: OSM3 | C115: W19 | D115: =IF(E115="","",IF(ISNUMBER(FIND("|",E115)),TRIM(LEFT(E115,FIND("|",E115)-1)),IF(ISNUMBER(MATCH(E115,Config!$C$1:$C$211,0)),E115,IFERROR(INDEX(Config!$C$1:$C$211,MATCH(E115,Config!$D$1:$D$211,0)),"")))) -> OP-0072 | E115: Pasting on top | F115: 14 | G115: =SUMIF($C$16:$C$241,C115,$F$16:$F$241) -> 134 | H115: =F115/3600 -> 0.0038888889 | I115: =IF(J115="","",IF(ISNUMBER(FIND("|",J115)),TRIM(LEFT(J115,FIND("|",J115)-1)),IF(ISNUMBER(MATCH(J115,Config!$F$1:$F$224,0)),J115,IFERROR(INDEX(Config!$F$1:$F$224,MATCH(J115,Config!$G$1:$G$224,0)),"")))) -> LPD10526 | J115: SHAKEERA
A116: G3 | B116: OSM3 | C116: W18 | D116: =IF(E116="","",IF(ISNUMBER(FIND("|",E116)),TRIM(LEFT(E116,FIND("|",E116)-1)),IF(ISNUMBER(MATCH(E116,Config!$C$1:$C$211,0)),E116,IFERROR(INDEX(Config!$C$1:$C$211,MATCH(E116,Config!$D$1:$D$211,0)),"")))) -> OP-0073 | E116: Pasting on nonwoven(L/R) | F116: 14 | G116: =SUMIF($C$16:$C$241,C116,$F$16:$F$241) -> 134 | H116: =F116/3600 -> 0.0038888889 | I116: =IF(J116="","",IF(ISNUMBER(FIND("|",J116)),TRIM(LEFT(J116,FIND("|",J116)-1)),IF(ISNUMBER(MATCH(J116,Config!$F$1:$F$224,0)),J116,IFERROR(INDEX(Config!$F$1:$F$224,MATCH(J116,Config!$G$1:$G$224,0)),"")))) -> LPD07960 | J116: =IFERROR(INDEX($J$16:J115,MATCH(C116,$C$16:C115,0)),"") -> F. ZAINATHBEE
A117: G3 | B117: OSM3 | C117: W19 | D117: =IF(E117="","",IF(ISNUMBER(FIND("|",E117)),TRIM(LEFT(E117,FIND("|",E117)-1)),IF(ISNUMBER(MATCH(E117,Config!$C$1:$C$211,0)),E117,IFERROR(INDEX(Config!$C$1:$C$211,MATCH(E117,Config!$D$1:$D$211,0)),"")))) -> OP-0073 | E117: Pasting on nonwoven(L/R) | F117: 14 | G117: =SUMIF($C$16:$C$241,C117,$F$16:$F$241) -> 134 | H117: =F117/3600 -> 0.0038888889 | I117: =IF(J117="","",IF(ISNUMBER(FIND("|",J117)),TRIM(LEFT(J117,FIND("|",J117)-1)),IF(ISNUMBER(MATCH(J117,Config!$F$1:$F$224,0)),J117,IFERROR(INDEX(Config!$F$1:$F$224,MATCH(J117,Config!$G$1:$G$224,0)),"")))) -> LPD10526 | J117: =IFERROR(INDEX($J$16:J116,MATCH(C117,$C$16:C116,0)),"") -> SHAKEERA
...

Sheet Config
A1: WS01 | B1: G1 | C1: OP-0001 | D1: TOP PASTING | E1: OP-0001 | TOP PASTING | F1: LPDS95761 | G1: A FATHIMA | H1: LPDS95761 | A FATHIMA
A2: WS02 | B2: G2 | C2: OP-0002 | D2: KIMLON PASTING | E2: OP-0002 | KIMLON PASTING | F2: LPDS95657 | G2: A JOTHI | H2: LPDS95657 | A JOTHI
A3: WS03 | B3: G3 | C3: OP-0003 | D3: ATTACHING TOP & KIMLON | E3: OP-0003 | ATTACHING TOP & KIMLON | F3: LPD11959 | G3: A MEENAKSHI | H3: LPD11959 | A MEENAKSHI
A4: WS04 | B4: G4 | C4: OP-0004 | D4: GUSSET STITCHING -2NOS | E4: OP-0004 | GUSSET STITCHING -2NOS | F4: LPD02946 | G4: A. ALEMELU | H4: LPD02946 | A. ALEMELU
A5: WS05 | B5: G5 | C5: OP-0005 | D5: GUSSET LAMPING -2NOS | E5: OP-0005 | GUSSET LAMPING -2NOS | F5: LPD07479 | G5: A. CHANMA | H5: LPD07479 | A. CHANMA
A6: WS06 | B6: G6 | C6: OP-0006 | D6: GUSSET SHAPING | E6: OP-0006 | GUSSET SHAPING | F6: LPD10419 | G6: A. FARHANA BEGAM | H6: LPD10419 | A. FARHANA BEGAM
A7: WS07 | B7: G7 | C7: OP-0007 | D7: PATTI PROMOTOR | E7: OP-0007 | PATTI PROMOTOR | F7: LPD07739 | G7: A. JAMEELA | H7: LPD07739 | A. JAMEELA
A8: WS08 | B8: G8 | C8: OP-0008 | D8: PATTI PRIMER 1 | E8: OP-0008 | PATTI PRIMER 1 | F8: LPD00059 | G8: A. NOORUN | H8: LPD00059 | A. NOORUN
A9: WS09 | B9: G9 | C9: OP-0009 | D9: PATTI DYE | E9: OP-0009 | PATTI DYE | F9: LPD03353 | G9: A. RAFI | H9: LPD03353 | A. RAFI
A10: WS10 | B10: G10 | C10: OP-0010 | D10: PATTI PRIMER 2 | E10: OP-0010 | PATTI PRIMER 2 | F10: LPD07294 | G10: A. RAMEZA | H10: LPD07294 | A. RAMEZA
A11: WS11 | B11: G11 | C11: OP-0011 | D11: CLEANING | E11: OP-0011 | CLEANING | F11: LPD00601 | G11: A. SADIKHA | H11: LPD00601 | A. SADIKHA
A12: WS12 | B12: G12 | C12: OP-0012 | D12: CLEANING | E12: OP-0012 | CLEANING | F12: LPD09996 | G12: A. YASEEN BEE | H12: LPD09996 | A. YASEEN BEE
... A50: WS50 | B50: G50 | C50: OP-0050 | D50: Decorative Stitching of Anchor Bit | E50: OP-0050 | Decorative Stitching of Anchor Bit | F50: LPD11988 | G50: F GULZAR | H50: LPD11988 | F GULZAR
A51: WS51 | C51: OP-0051 | D51: Pasting top leather & facing leather | E51: OP-0051 | Pasting top leather & facing leather | F51: LPD07960 | G51: F. ZAINATHBEE | H51: LPD07960 | F. ZAINATHBEE
A52: WS52 | C52: OP-0052 | D52: Attaching top & facing leather | E52: OP-0052 | Attaching top & facing leather | F52: LPDS95161 | G52: FOUSIYA | H52: LPDS95161 | FOUSIYA
A53: WS53 | C53: OP-0053 | D53: Lamping | E53: OP-0053 | Lamping | F53: LPD04519 | G53: G. MANIMALA | H53: LPD04519 | G. MANIMALA
A54: WS54 | C54: OP-0054 | D54: Lamping of anchor tab bit | E54: OP-0054 | Lamping of anchor tab bit | F54: LPD03298 | G54: G. PADMINI | H54: LPD03298 | G. PADMINI
A55: WS55 | C55: OP-0055 | D55: Pressing | E55: OP-0055 | Pressing | F55: LPD01253 | G55: G. SARASWATHI | H55: LPD01253 | G. SARASWATHI
A56: WS56 | C56: OP-0056 | D56: Primer | E56: OP-0056 | Primer | F56: LPD10561 | G56: G. SELVARANI | H56: LPD10561 | G. SELVARANI
A57: WS57 | C57: OP-0057 | D57: Edge Inking | E57: OP-0057 | Edge Inking | F57: LPD09683 | G57: GIRIJA | H57: LPD09683 | GIRIJA
A58: WS58 | C58: OP-0058 | D58: Primer 1 | E58: OP-0058 | Primer 1 | F58: LPD07628 | G58: GNANAMMAL | H58: LPD07628 | GNANAMMAL
A59: WS59 | C59: OP-0059 | D59: Primer 2 | E59: OP-0059 | Primer 2 | F59: LPD10209 | G59: HAJEERA | H59: LPD10209 | HAJEERA
A60: WS60 | C60: OP-0060 | D60: Primer 3 | E60: OP-0060 | Primer 3 | F60: LPDS95749 | G60: HAJIMA MABOOB BASHA | H60: LPDS95749 | HAJIMA MABOOB BASHA
A61: WS61 | C61: OP-0061 | D61: Buffing | E61: OP-0061 | Buffing | F61: LPD12148 | G61: HASANUR JAMAN MOLLA | H61: LPD12148 | HASANUR JAMAN MOLLA
A62: WS62 | C62: OP-0062 | D62: Recutting facing Leather (1:5) | E62: OP-0062 | Recutting facing Leather (1:5) | F62: LPD12233 | G62: I RESHMA | H62: LPD12233 | I RESHMA
... A100: WS100 | C100: OP-0100 | D100: Pasting over shell | E100: OP-0100 | Pasting over shell | F100: LPD09670 | G100: M. SIDDIQUA | H100: LPD09670 | M. SIDDIQUA
C101: OP-0101 | D101: Attaching Right Gusset 2-Side With shell | E101: OP-0101 | Attaching Right Gusset 2-Side With shell | F101: LPD09393 | G101: M. USHA RANI | H101: LPD09393 | M. USHA RANI
C102: OP-0102 | D102: Pasting on zipper collar support kimlon bit & zip collar back | E102: OP-0102 | Pasting on zipper collar support kimlon bit & zip collar back | F102: LPD11279 | G102: M. ZEHRA | H102: LPD11279 | M. ZEHRA
C103: OP-0103 | D103: Attaching zipper collar support kimlon bit over zip collar back | E103: OP-0103 | Attaching zipper collar support kimlon bit over zip collar back | F103: LPD12248 | G103: MAFIJUL MOLLA | H103: LPD12248 | MAFIJUL MOLLA
C104: OP-0104 | D104: Pasting on kimlon (2nos) | E104: OP-0104 | Pasting on kimlon (2nos) | F104: LPD11204 | G104: MAHALAKSHMI | H104: LPD11204 | MAHALAKSHMI
C105: OP-0105 | D105: Pasting over Cc pkt lining | E105: OP-0105 | Pasting over Cc pkt lining | F105: LPD12247 | G105: MARUF HOSSAIN PIYADA | H105: LPD12247 | MARUF HOSSAIN PIYADA
C106: OP-0106 | D106: Attaching kimlon over cc pkt lining | E106: OP-0106 | Attaching kimlon over cc pkt lining | F106: LPD11314 | G106: MD ILYAS | H106: LPD11314 | MD ILYAS
C107: OP-0107 | D107: Pasting over Cc pkt | E107: OP-0107 | Pasting over Cc pkt | F107: LPD12221 | G107: MD YAMIN ALI MOLLA | H107: LPD12221 | MD YAMIN ALI MOLLA
C108: OP-0108 | D108: Pasting over Center stay | E108: OP-0108 | Pasting over Center stay | F108: LPD11278 | G108: MD. INTAKHAB | H108: LPD11278 | MD. INTAKHAB
C109: OP-0109 | D109: Attaching center stay over cc pkt | E109: OP-0109 | Attaching center stay over cc pkt | F109: LPD11618 | G109: MD. NASIM | H109: LPD11618 | MD. NASIM
C110: OP-0110 | D110: Pasting over window pkt | E110: OP-0110 | Pasting over window pkt | F110: LPD10281 | G110: MD. SHAMIM AHAMAD | H110: LPD10281 | MD. SHAMIM AHAMAD
C111: OP-0111 | D111: Attaching center stay over window pkt | E111: OP-0111 | Attaching center stay over window pkt | F111: LPD11532 | G111: MD. TANVEER | H111: LPD11532 | MD. TANVEER
C112: OP-0112 | D112: Pasting over shell | E112: OP-0112 | Pasting over shell | F112: LPD12238 | G112: MEENA S | H112: LPD12238 | MEENA S
... C211: OP_071 | D211: Quality Analysys | E211: OP_071 | Quality Analysys | F211: LPD08891 | G211: UMA MAHESWARI | H211: LPD08891 | UMA MAHESWARI
F212: LPD11454 | G212: USHA | H212: LPD11454 | USHA
F213: LPD08092 | G213: USHA | H213: LPD08092 | USHA
F214: LPD07514 | G214: V. DHANALAKSHMI | H214: LPD07514 | V. DHANALAKSHMI
F215: LPD11691 | G215: V. JAYANTHI | H215: LPD11691 | V. JAYANTHI
F216: LPD11006 | G216: V. LAKSHMI | H216: LPD11006 | V. LAKSHMI
F217: LPD04804 | G217: V. MEENATCHI | H217: LPD04804 | V. MEENATCHI
F218: LPD07392 | G218: V.P. MUBARAK | H218: LPD07392 | V.P. MUBARAK
F219: LPD08268 | G219: VASANTHI | H219: LPD08268 | VASANTHI
F220: LPD12243 | G220: VASIM AKARAM | H220: LPD12243 | VASIM AKARAM
F221: LPD05998 | G221: VENDA | H221: LPD05998 | VENDA
F222: LPD11088 | G222: Y. ALMAS BEGUM | H222: LPD11088 | Y. ALMAS BEGUM
F223: LPD08685 | G223: Z. NAYEEMUNNISA | H223: LPD08685 | Z. NAYEEMUNNISA
F224: LPD11520 | G224: ZAREENA | H224: LPD11520 | ZAREENA
