Workbook

Sheet Line Plan
A1: LINE PLAN UPLOAD
A3: LINE CODE | B3: RUMIYA | C3: Production line code. Auto-created if not in system.
A4: HALL NAME | B4: Hall B | C4: Hall/area name (used as line name if auto-creating the line).
A5: DATE | B5: 2026-03-27 | C5: Work date — YYYY-MM-DD format (e.g. 2026-02-19).
A6: PRODUCT CODE | B6: 4321 | C6: Style/product code. Auto-created if new.
A7: PRODUCT NAME | B7: BILLFOLD WALLET | C7: Full product name.
A8: BUYER NAME | C8: Buyer / brand name for this product. Optional.
A9: PLAN MONTH | C9: Plan month for this product (e.g. 2026-04). Optional.
A10: TARGET UNITS | B10: 500 | C10: Daily target for this line. Required.
A11: CO PRODUCT CODE | C11: Optional — changeover product code.
A12: CO TARGET | C12: Optional — changeover target units.
A13: LINE LEADER | B13: Rumiya | C13: Name of the line leader for this line. One leader per line.
A15: GROUP | B15: OSM | C15: WORKSTATION | D15: OPERATION CODE | E15: OPERATION NAME | F15: PROCESS TIME (s) | G15: CYCLE TIME (s) | H15: SAH | I15: EMP CODE (auto) | J15: SELECT EMPLOYEE ▼
A16: G1 | C16: WS01 | D16: OP-0001 | E16: ==IFERROR(VLOOKUP(D16,Lists!$A:$B,2,0),"") | F16: 12 | G16: ==SUMIF($C$16:$C$501,C16,$F$16:$F$501) | H16: ==F16/3600 | I16: ==IFERROR(INDEX(Lists!$C:$C,MATCH(J16,Lists!$D:$D,0)),"")
A17: G1 | B17: 1 | C17: WS01 | D17: OP-0002 | E17: ==IFERROR(VLOOKUP(D17,Lists!$A:$B,2,0),"") | F17: 12 | G17: ==SUMIF($C$16:$C$501,C17,$F$16:$F$501) | H17: ==F17/3600 | I17: ==IFERROR(INDEX(Lists!$C:$C,MATCH(J17,Lists!$D:$D,0)),"") | J17: ==IFERROR(INDEX($J$16:J16,MATCH(C17,$C$16:C16,0)),"")
A18: G1 | C18: WS01 | D18: OP-0003 | E18: ==IFERROR(VLOOKUP(D18,Lists!$A:$B,2,0),"") | F18: 30 | G18: ==SUMIF($C$16:$C$501,C18,$F$16:$F$501) | H18: ==F18/3600 | I18: ==IFERROR(INDEX(Lists!$C:$C,MATCH(J18,Lists!$D:$D,0)),"") | J18: ==IFERROR(INDEX($J$16:J17,MATCH(C18,$C$16:C17,0)),"")
A19: G1 | C19: WS01 | D19: OP-0004 | E19: ==IFERROR(VLOOKUP(D19,Lists!$A:$B,2,0),"") | F19: 30 | G19: ==SUMIF($C$16:$C$501,C19,$F$16:$F$501) | H19: ==F19/3600 | I19: ==IFERROR(INDEX(Lists!$C:$C,MATCH(J19,Lists!$D:$D,0)),"") | J19: ==IFERROR(INDEX($J$16:J18,MATCH(C19,$C$16:C18,0)),"")
A20: G1 | B20: 2 | C20: WS02 | D20: OP-0005 | E20: ==IFERROR(VLOOKUP(D20,Lists!$A:$B,2,0),"") | F20: 20 | G20: ==SUMIF($C$16:$C$501,C20,$F$16:$F$501) | H20: ==F20/3600 | I20: ==IFERROR(INDEX(Lists!$C:$C,MATCH(J20,Lists!$D:$D,0)),"")
A21: G1 | C21: WS02 | D21: OP-0006 | E21: ==IFERROR(VLOOKUP(D21,Lists!$A:$B,2,0),"") | F21: 16 | G21: ==SUMIF($C$16:$C$501,C21,$F$16:$F$501) | H21: ==F21/3600 | I21: ==IFERROR(INDEX(Lists!$C:$C,MATCH(J21,Lists!$D:$D,0)),"") | J21: ==IFERROR(INDEX($J$16:J20,MATCH(C21,$C$16:C20,0)),"")
A22: G2 | C22: WS03 | D22: OP-0007 | E22: ==IFERROR(VLOOKUP(D22,Lists!$A:$B,2,0),"") | F22: 20 | G22: ==SUMIF($C$16:$C$501,C22,$F$16:$F$501) | H22: ==F22/3600 | I22: ==IFERROR(INDEX(Lists!$C:$C,MATCH(J22,Lists!$D:$D,0)),"")
A23: G2 | B23: 3 | C23: WS03 | D23: OP-0008 | E23: ==IFERROR(VLOOKUP(D23,Lists!$A:$B,2,0),"") | F23: 10 | G23: ==SUMIF($C$16:$C$501,C23,$F$16:$F$501) | H23: ==F23/3600 | I23: ==IFERROR(INDEX(Lists!$C:$C,MATCH(J23,Lists!$D:$D,0)),"") | J23: ==IFERROR(INDEX($J$16:J22,MATCH(C23,$C$16:C22,0)),"")
A24: G2 | C24: WS04 | D24: OP-0009 | E24: ==IFERROR(VLOOKUP(D24,Lists!$A:$B,2,0),"") | F24: 20 | G24: ==SUMIF($C$16:$C$501,C24,$F$16:$F$501) | H24: ==F24/3600 | I24: ==IFERROR(INDEX(Lists!$C:$C,MATCH(J24,Lists!$D:$D,0)),"")
A25: G3 | B25: 4 | C25: WS05 | D25: OP-0010 | E25: ==IFERROR(VLOOKUP(D25,Lists!$A:$B,2,0),"") | F25: 10 | G25: ==SUMIF($C$16:$C$501,C25,$F$16:$F$501) | H25: ==F25/3600 | I25: ==IFERROR(INDEX(Lists!$C:$C,MATCH(J25,Lists!$D:$D,0)),"")
A26: G3 | C26: WS06 | D26: OP-0011 | E26: ==IFERROR(VLOOKUP(D26,Lists!$A:$B,2,0),"") | F26: 15 | G26: ==SUMIF($C$16:$C$501,C26,$F$16:$F$501) | H26: ==F26/3600 | I26: ==IFERROR(INDEX(Lists!$C:$C,MATCH(J26,Lists!$D:$D,0)),"")
E27: ==IFERROR(VLOOKUP(D27,Lists!$A:$B,2,0),"") | G27: ==SUMIF($C$16:$C$501,C27,$F$16:$F$501) | H27: ==F27/3600 | I27: ==IFERROR(INDEX(Lists!$C:$C,MATCH(J27,Lists!$D:$D,0)),"") | J27: ==IFERROR(INDEX($J$16:J26,MATCH(C27,$C$16:C26,0)),"")
E28: ==IFERROR(VLOOKUP(D28,Lists!$A:$B,2,0),"") | G28: ==SUMIF($C$16:$C$501,C28,$F$16:$F$501) | H28: ==F28/3600 | I28: ==IFERROR(INDEX(Lists!$C:$C,MATCH(J28,Lists!$D:$D,0)),"") | J28: ==IFERROR(INDEX($J$16:J27,MATCH(C28,$C$16:C27,0)),"")
E29: ==IFERROR(VLOOKUP(D29,Lists!$A:$B,2,0),"") | G29: ==SUMIF($C$16:$C$501,C29,$F$16:$F$501) | H29: ==F29/3600 | I29: ==IFERROR(INDEX(Lists!$C:$C,MATCH(J29,Lists!$D:$D,0)),"") | J29: ==IFERROR(INDEX($J$16:J28,MATCH(C29,$C$16:C28,0)),"")
E30: ==IFERROR(VLOOKUP(D30,Lists!$A:$B,2,0),"") | G30: ==SUMIF($C$16:$C$501,C30,$F$16:$F$501) | H30: ==F30/3600 | I30: ==IFERROR(INDEX(Lists!$C:$C,MATCH(J30,Lists!$D:$D,0)),"") | J30: ==IFERROR(INDEX($J$16:J29,MATCH(C30,$C$16:C29,0)),"")
E31: ==IFERROR(VLOOKUP(D31,Lists!$A:$B,2,0),"") | G31: ==SUMIF($C$16:$C$501,C31,$F$16:$F$501) | H31: ==F31/3600 | I31: ==IFERROR(INDEX(Lists!$C:$C,MATCH(J31,Lists!$D:$D,0)),"") | J31: ==IFERROR(INDEX($J$16:J30,MATCH(C31,$C$16:C30,0)),"")
E32: ==IFERROR(VLOOKUP(D32,Lists!$A:$B,2,0),"") | G32: ==SUMIF($C$16:$C$501,C32,$F$16:$F$501) | H32: ==F32/3600 | I32: ==IFERROR(INDEX(Lists!$C:$C,MATCH(J32,Lists!$D:$D,0)),"") | J32: ==IFERROR(INDEX($J$16:J31,MATCH(C32,$C$16:C31,0)),"")
E33: ==IFERROR(VLOOKUP(D33,Lists!$A:$B,2,0),"") | G33: ==SUMIF($C$16:$C$501,C33,$F$16:$F$501) | H33: ==F33/3600 | I33: ==IFERROR(INDEX(Lists!$C:$C,MATCH(J33,Lists!$D:$D,0)),"") | J33: ==IFERROR(INDEX($J$16:J32,MATCH(C33,$C$16:C32,0)),"")
E34: ==IFERROR(VLOOKUP(D34,Lists!$A:$B,2,0),"") | G34: ==SUMIF($C$16:$C$501,C34,$F$16:$F$501) | H34: ==F34/3600 | I34: ==IFERROR(INDEX(Lists!$C:$C,MATCH(J34,Lists!$D:$D,0)),"") | J34: ==IFERROR(INDEX($J$16:J33,MATCH(C34,$C$16:C33,0)),"")
E35: ==IFERROR(VLOOKUP(D35,Lists!$A:$B,2,0),"") | G35: ==SUMIF($C$16:$C$501,C35,$F$16:$F$501) | H35: ==F35/3600 | I35: ==IFERROR(INDEX(Lists!$C:$C,MATCH(J35,Lists!$D:$D,0)),"") | J35: ==IFERROR(INDEX($J$16:J34,MATCH(C35,$C$16:C34,0)),"")
E36: ==IFERROR(VLOOKUP(D36,Lists!$A:$B,2,0),"") | G36: ==SUMIF($C$16:$C$501,C36,$F$16:$F$501) | H36: ==F36/3600 | I36: ==IFERROR(INDEX(Lists!$C:$C,MATCH(J36,Lists!$D:$D,0)),"") | J36: ==IFERROR(INDEX($J$16:J35,MATCH(C36,$C$16:C35,0)),"")
E37: ==IFERROR(VLOOKUP(D37,Lists!$A:$B,2,0),"") | G37: ==SUMIF($C$16:$C$501,C37,$F$16:$F$501) | H37: ==F37/3600 | I37: ==IFERROR(INDEX(Lists!$C:$C,MATCH(J37,Lists!$D:$D,0)),"") | J37: ==IFERROR(INDEX($J$16:J36,MATCH(C37,$C$16:C36,0)),"")
E38: ==IFERROR(VLOOKUP(D38,Lists!$A:$B,2,0),"") | G38: ==SUMIF($C$16:$C$501,C38,$F$16:$F$501) | H38: ==F38/3600 | I38: ==IFERROR(INDEX(Lists!$C:$C,MATCH(J38,Lists!$D:$D,0)),"") | J38: ==IFERROR(INDEX($J$16:J37,MATCH(C38,$C$16:C37,0)),"")
... E501: ==IFERROR(VLOOKUP(D501,Lists!$A:$B,2,0),"") | G501: ==SUMIF($C$16:$C$501,C501,$F$16:$F$501) | H501: ==F501/3600 | I501: ==IFERROR(INDEX(Lists!$C:$C,MATCH(J501,Lists!$D:$D,0)),"") | J501: ==IFERROR(INDEX($J$16:J500,MATCH(C501,$C$16:C500,0)),"")

Sheet Instructions
A1: LINE PLAN UPLOAD — HOW TO USE
A3: This template uploads a complete line plan in one step:
A4: • Creates or updates the product and its processes
A5: • Sets up the daily plan (line + date + target)
A6: • Builds the workstation plan (groups processes into workstations)
A7: • Assigns employees to workstations
A9: HEADER SECTION (Rows 3–13):
A10: LINE CODE Production line code. Auto-created if not in system.
A11: HALL NAME Used as the line name if the line is being auto-created.
A12: DATE Work date in YYYY-MM-DD format.
A13: PRODUCT CODE Style/product code. Auto-created if new.
A14: PRODUCT NAME Product display name.
... A41: Employee codes must match exactly what is in the system.

Sheet Lists
A1: OPERATION CODE | B1: OPERATION NAME | C1: EMPLOYEE CODE | D1: EMPLOYEE NAME
A2: OP-0001 | B2: TOP PASTING | C2: LPDS95761 | D2: A FATHIMA
A3: OP-0002 | B3: KIMLON PASTING | C3: LPDS95657 | D3: A JOTHI
A4: OP-0003 | B4: ATTACHING TOP & KIMLON | C4: LPD11959 | D4: A MEENAKSHI
A5: OP-0004 | B5: GUSSET STITCHING -2NOS | C5: LPD02946 | D5: A. ALEMELU
A6: OP-0005 | B6: GUSSET LAMPING -2NOS | C6: LPD07479 | D6: A. CHANMA
A7: OP-0006 | B7: GUSSET SHAPING | C7: LPD10419 | D7: A. FARHANA BEGAM
A8: OP-0007 | B8: PATTI PROMOTOR | C8: LPD07739 | D8: A. JAMEELA
A9: OP-0008 | B9: PATTI PRIMER 1 | C9: LPD00059 | D9: A. NOORUN
A10: OP-0009 | B10: PATTI DYE | C10: LPD03353 | D10: A. RAFI
A11: OP-0010 | B11: PATTI PRIMER 2 | C11: LPD07294 | D11: A. RAMEZA
A12: OP-0011 | B12: CLEANING | C12: LPD00601 | D12: A. SADIKHA
... A85: OP_071 | B85: Quality Analysys | C85: LPDS95714 | D85: KAVITHA SURESH
C86: LPD11937 | D86: KHURSID ALI MOLLA
C87: LPD12204 | D87: KUMARI
C88: LPDS95725 | D88: LAKSHMI JANAGIRAMAN
C89: LPD11669 | D89: LEVINA
C90: LPDS95702 | D90: M DILSHATH
C91: LPD06518 | D91: M. ANITHA
C92: LPD08982 | D92: M. APSANA
C93: LPD10197 | D93: M. GIRIJA
C94: LPD05609 | D94: M. GOWRI
C95: LPD12240 | D95: M. HAJIRA
C96: LPD10183 | D96: M. KALAIMATHI
C97: LPD08346 | D97: M. KHADAR BEE
... C225: LPD11520 | D225: ZAREENA
